month,state,permit,permit_recheck,handgun,long_gun,other,multiple,admin,prepawn_handgun,prepawn_long_gun,prepawn_other,redemption_handgun,redemption_long_gun,redemption_other,returned_handgun,returned_long_gun,returned_other,rentals_handgun,rentals_long_gun,private_sale_handgun,private_sale_long_gun,private_sale_other,return_to_seller_handgun,return_to_seller_long_gun,return_to_seller_other,totals
1/1/2001,Alabama,0,,7541,9904,,288,0,,,,,,,,,,,,,,,,,,17733
1/1/2001,Alaska,0,,853,1494,,61,1,,,,,,,,,,,,,,,,,,2409
1/1/2001,Arizona,761,,5113,4802,,227,376,,,,,,,,,,,,,,,,,,11279
1/1/2001,Arkansas,578,,3701,8153,,237,0,,,,,,,,,,,,,,,,,,12669
1/1/2001,California,14828,,21812,24292,,0,3,,,,,,,,,,,,,,,,,,60935
1/1/2001,Colorado,0,,10068,12723,,861,2,,,,,,,,,,,,,,,,,,23654
1/1/2001,Connecticut,7113,,1,0,,0,4,,,,,,,,,,,,,,,,,,7118
1/1/2001,Delaware,0,,415,665,,16,0,,,,,,,,,,,,,,,,,,1096
1/1/2001,District of Columbia,0,,0,0,,0,0,,,,,,,,,,,,,,,,,,0
1/1/2001,Florida,0,,11227,10396,,395,1146,,,,,,,,,,,,,,,,,,23164
1/1/2001,Georgia,3255,,7091,9129,,227,6331,,,,,,,,,,,,,,,,,,26033
1/1/2001,Guam,0,,8,20,,0,0,,,,,,,,,,,,,,,,,,28
1/1/2001,Hawaii,684,,0,0,,0,0,,,,,,,,,,,,,,,,,,684
1/1/2001,Idaho,0,,1425,2970,,118,882,,,,,,,,,,,,,,,,,,5395
1/1/2001,Illinois,24377,,4933,6521,,169,0,,,,,,,,,,,,,,,,,,36000
1/1/2001,Indiana,6686,,2231,4029,,5,0,,,,,,,,,,,,,,,,,,12951
1/1/2001,Iowa,6161,,45,2523,,3,15,,,,,,,,,,,,,,,,,,8747
1/1/2001,Kansas,0,,2736,4853,,171,0,,,,,,,,,,,,,,,,,,7760
1/1/2001,Kentucky,0,,7413,9993,,414,0,,,,,,,,,,,,,,,,,,17820
1/1/2001,Louisiana,0,,4899,7023,,209,0,,,,,,,,,,,,,,,,,,12131
1/1/2001,Maine,0,,931,1603,,53,0,,,,,,,,,,,,,,,,,,2587
1/1/2001,Mariana Islands,0,,17,0,,3,0,,,,,,,,,,,,,,,,,,20
1/1/2001,Maryland,2328,,144,3098,,9,0,,,,,,,,,,,,,,,,,,5579
1/1/2001,Massachusetts,2882,,1270,952,,35,154,,,,,,,,,,,,,,,,,,5293
1/1/2001,Michigan,14083,,102,9686,,2,0,,,,,,,,,,,,,,,,,,23873
1/1/2001,Minnesota,3167,,2259,5555,,82,0,,,,,,,,,,,,,,,,,,11063
1/1/2001,Mississippi,0,,4573,6707,,171,0,,,,,,,,,,,,,,,,,,11451
1/1/2001,Missouri,0,,3142,10880,,101,0,,,,,,,,,,,,,,,,,,14123
1/1/2001,Montana,3,,1242,2996,,101,0,,,,,,,,,,,,,,,,,,4342
1/1/2001,Nebraska,1409,,32,1779,,1,0,,,,,,,,,,,,,,,,,,3221
1/1/2001,Nevada,0,,1872,1723,,79,1,,,,,,,,,,,,,,,,,,3675
1/1/2001,New Hampshire,41,,1209,1580,,28,0,,,,,,,,,,,,,,,,,,2858
1/1/2001,New Jersey,0,,1204,1948,,35,0,,,,,,,,,,,,,,,,,,3187
1/1/2001,New Mexico,0,,2237,3893,,124,0,,,,,,,,,,,,,,,,,,6254
1/1/2001,New York,4769,,677,5845,,4,34,,,,,,,,,,,,,,,,,,11329
1/1/2001,North Carolina,9273,,1400,12563,,98,0,,,,,,,,,,,,,,,,,,23334
1/1/2001,North Dakota,213,,399,1299,,18,0,,,,,,,,,,,,,,,,,,1929
1/1/2001,Ohio,0,,8170,11130,,519,0,,,,,,,,,,,,,,,,,,19819
1/1/2001,Oklahoma,0,,4471,7983,,303,0,,,,,,,,,,,,,,,,,,12757
1/1/2001,Oregon,76,,3737,5566,,183,0,,,,,,,,,,,,,,,,,,9562
1/1/2001,Pennsylvania,371,,0,33380,,450,1,,,,,,,,,,,,,,,,,,34202
1/1/2001,Puerto Rico,0,,317,80,,5,0,,,,,,,,,,,,,,,,,,402
1/1/2001,Rhode Island,0,,368,327,,73,0,,,,,,,,,,,,,,,,,,768
1/1/2001,South Carolina,1490,,4221,4694,,102,0,,,,,,,,,,,,,,,,,,10507
1/1/2001,South Dakota,0,,541,1747,,18,0,,,,,,,,,,,,,,,,,,2306
1/1/2001,Tennessee,1,,8239,8992,,315,1,,,,,,,,,,,,,,,,,,17548
1/1/2001,Texas,7076,,16863,26684,,857,12,,,,,,,,,,,,,,,,,,51492
1/1/2001,Utah,0,,1385,3202,,50,0,,,,,,,,,,,,,,,,,,4637
1/1/2001,Vermont,0,,385,636,,9,0,,,,,,,,,,,,,,,,,,1030
1/1/2001,Virgin Islands,0,,0,0,,0,0,,,,,,,,,,,,,,,,,,0
1/1/2001,Virginia,0,,5903,7776,,114,0,,,,,,,,,,,,,,,,,,13793
1/1/2001,Washington,3076,,3222,5201,,177,27,,,,,,,,,,,,,,,,,,11703
1/1/2001,West Virginia,0,,3077,5905,,185,0,,,,,,,,,,,,,,,,,,9167
1/1/2001,Wisconsin,0,,3239,6800,,4,0,,,,,,,,,,,,,,,,,,10043
1/1/2001,Wyoming,205,,754,1433,,64,0,,,,,,,,,,,,,,,,,,2456
12/1/2000,Alabama,0,,8303,25733,,326,0,,,,,,,,,,,,,,,,,,34362
12/1/2000,Alaska,0,,1098,2791,,71,0,,,,,,,,,,,,,,,,,,3960
12/1/2000,Arizona,364,,6109,8666,,263,527,,,,,,,,,,,,,,,,,,15929
12/1/2000,Arkansas,258,,3657,15822,,199,0,,,,,,,,,,,,,,,,,,19936
12/1/2000,California,6241,,53977,38075,,0,0,,,,,,,,,,,,,,,,,,98293
12/1/2000,Colorado,0,,12467,24437,,859,3,,,,,,,,,,,,,,,,,,37766
12/1/2000,Connecticut,7309,,0,0,,0,1,,,,,,,,,,,,,,,,,,7310
12/1/2000,Delaware,0,,456,1726,,23,0,,,,,,,,,,,,,,,,,,2205
12/1/2000,District of Columbia,0,,0,0,,0,0,,,,,,,,,,,,,,,,,,0
12/1/2000,Florida,0,,11695,21628,,447,1140,,,,,,,,,,,,,,,,,,34910
12/1/2000,Georgia,2714,,9180,25379,,307,12013,,,,,,,,,,,,,,,,,,49593
12/1/2000,Guam,0,,11,21,,5,0,,,,,,,,,,,,,,,,,,37
12/1/2000,Hawaii,468,,0,0,,0,0,,,,,,,,,,,,,,,,,,468
12/1/2000,Idaho,0,,1804,5516,,102,654,,,,,,,,,,,,,,,,,,8076
12/1/2000,Illinois,23309,,5030,11213,,172,0,,,,,,,,,,,,,,,,,,39724
12/1/2000,Indiana,7263,,2032,9682,,2,0,,,,,,,,,,,,,,,,,,18979
12/1/2000,Iowa,4677,,20,5984,,0,13,,,,,,,,,,,,,,,,,,10694
12/1/2000,Kansas,0,,2809,9950,,173,0,,,,,,,,,,,,,,,,,,12932
12/1/2000,Kentucky,0,,8761,20686,,405,0,,,,,,,,,,,,,,,,,,29852
12/1/2000,Louisiana,0,,5416,19712,,219,0,,,,,,,,,,,,,,,,,,25347
12/1/2000,Maine,0,,964,3304,,48,0,,,,,,,,,,,,,,,,,,4316
12/1/2000,Mariana Islands,0,,0,0,,0,0,,,,,,,,,,,,,,,,,,0
12/1/2000,Maryland,2164,,131,6071,,8,0,,,,,,,,,,,,,,,,,,8374
12/1/2000,Massachusetts,2726,,1185,1250,,29,204,,,,,,,,,,,,,,,,,,5394
12/1/2000,Michigan,8835,,86,20467,,3,0,,,,,,,,,,,,,,,,,,29391
12/1/2000,Minnesota,2412,,2319,9585,,72,0,,,,,,,,,,,,,,,,,,14388
12/1/2000,Mississippi,0,,5137,18867,,202,0,,,,,,,,,,,,,,,,,,24206
12/1/2000,Missouri,0,,3088,20402,,109,0,,,,,,,,,,,,,,,,,,23599
12/1/2000,Montana,1,,1678,5120,,79,0,,,,,,,,,,,,,,,,,,6878
12/1/2000,Nebraska,1308,,57,4554,,5,0,,,,,,,,,,,,,,,,,,5924
12/1/2000,Nevada,0,,2265,3483,,130,0,,,,,,,,,,,,,,,,,,5878
12/1/2000,New Hampshire,33,,1362,2569,,14,0,,,,,,,,,,,,,,,,,,3978
12/1/2000,New Jersey,0,,1089,2619,,48,0,,,,,,,,,,,,,,,,,,3756
12/1/2000,New Mexico,0,,2623,6511,,122,0,,,,,,,,,,,,,,,,,,9256
12/1/2000,New York,4850,,664,11546,,0,29,,,,,,,,,,,,,,,,,,17089
12/1/2000,North Carolina,8116,,1278,29093,,82,0,,,,,,,,,,,,,,,,,,38569
12/1/2000,North Dakota,102,,408,2163,,15,0,,,,,,,,,,,,,,,,,,2688
12/1/2000,Ohio,0,,9536,22917,,528,0,,,,,,,,,,,,,,,,,,32981
12/1/2000,Oklahoma,0,,4197,15070,,315,0,,,,,,,,,,,,,,,,,,19582
12/1/2000,Oregon,80,,4645,10731,,202,0,,,,,,,,,,,,,,,,,,15658
12/1/2000,Pennsylvania,300,,0,44640,,668,0,,,,,,,,,,,,,,,,,,45608
12/1/2000,Puerto Rico,0,,372,99,,7,0,,,,,,,,,,,,,,,,,,478
12/1/2000,Rhode Island,0,,299,473,,69,0,,,,,,,,,,,,,,,,,,841
12/1/2000,South Carolina,770,,4695,13014,,94,0,,,,,,,,,,,,,,,,,,18573
12/1/2000,South Dakota,0,,670,3257,,31,0,,,,,,,,,,,,,,,,,,3958
12/1/2000,Tennessee,0,,10037,22944,,334,1,,,,,,,,,,,,,,,,,,33316
12/1/2000,Texas,4325,,18413,59403,,981,11,,,,,,,,,,,,,,,,,,83133
12/1/2000,Utah,0,,2292,8250,,85,0,,,,,,,,,,,,,,,,,,10627
12/1/2000,Vermont,0,,454,1258,,4,0,,,,,,,,,,,,,,,,,,1716
12/1/2000,Virgin Islands,0,,0,0,,0,0,,,,,,,,,,,,,,,,,,0
12/1/2000,Virginia,0,,7026,17109,,213,0,,,,,,,,,,,,,,,,,,24348
12/1/2000,Washington,2058,,3165,9305,,129,7,,,,,,,,,,,,,,,,,,14664
12/1/2000,West Virginia,0,,3818,10397,,156,0,,,,,,,,,,,,,,,,,,14371
12/1/2000,Wisconsin,0,,3256,12575,,7,0,,,,,,,,,,,,,,,,,,15838
12/1/2000,Wyoming,141,,965,2751,,50,0,,,,,,,,,,,,,,,,,,3907
11/1/2000,Alabama,0,,6654,20239,,306,0,,,,,,,,,,,,,,,,,,27199
11/1/2000,Alaska,0,,944,1931,,51,0,,,,,,,,,,,,,,,,,,2926
11/1/2000,Arizona,569,,4547,5576,,230,480,,,,,,,,,,,,,,,,,,11402
11/1/2000,Arkansas,483,,3170,18139,,215,0,,,,,,,,,,,,,,,,,,22007
11/1/2000,California,8283,,37564,28987,,0,0,,,,,,,,,,,,,,,,,,74834
11/1/2000,Colorado,0,,9945,18937,,622,8,,,,,,,,,,,,,,,,,,29512
11/1/2000,Connecticut,7358,,0,0,,0,2,,,,,,,,,,,,,,,,,,7360
11/1/2000,Delaware,0,,398,1592,,12,0,,,,,,,,,,,,,,,,,,2002
11/1/2000,District of Columbia,0,,3,0,,0,0,,,,,,,,,,,,,,,,,,3
11/1/2000,Florida,0,,9857,15023,,424,906,,,,,,,,,,,,,,,,,,26210
11/1/2000,Georgia,2641,,6062,16739,,245,8789,,,,,,,,,,,,,,,,,,34476
11/1/2000,Guam,0,,10,14,,0,0,,,,,,,,,,,,,,,,,,24
11/1/2000,Hawaii,539,,0,0,,0,0,,,,,,,,,,,,,,,,,,539
11/1/2000,Idaho,0,,1399,4112,,82,779,,,,,,,,,,,,,,,,,,6372
11/1/2000,Illinois,26091,,4644,11453,,190,0,,,,,,,,,,,,,,,,,,42378
11/1/2000,Indiana,8726,,1816,10652,,7,0,,,,,,,,,,,,,,,,,,21201
11/1/2000,Iowa,4233,,45,7001,,4,15,,,,,,,,,,,,,,,,,,11298
11/1/2000,Kansas,0,,2259,9748,,169,0,,,,,,,,,,,,,,,,,,12176
11/1/2000,Kentucky,0,,6552,18609,,378,0,,,,,,,,,,,,,,,,,,25539
11/1/2000,Louisiana,0,,4504,16619,,198,0,,,,,,,,,,,,,,,,,,21321
11/1/2000,Maine,0,,918,3383,,42,0,,,,,,,,,,,,,,,,,,4343
11/1/2000,Mariana Islands,0,,4,0,,0,0,,,,,,,,,,,,,,,,,,4
11/1/2000,Maryland,2414,,138,7056,,12,0,,,,,,,,,,,,,,,,,,9620
11/1/2000,Massachusetts,3369,,1032,1396,,30,190,,,,,,,,,,,,,,,,,,6017
11/1/2000,Michigan,9174,,79,25886,,8,0,,,,,,,,,,,,,,,,,,35147
11/1/2000,Minnesota,2629,,1965,10357,,76,0,,,,,,,,,,,,,,,,,,15027
11/1/2000,Mississippi,0,,4030,17350,,215,0,,,,,,,,,,,,,,,,,,21595
11/1/2000,Missouri,0,,3102,19526,,97,0,,,,,,,,,,,,,,,,,,22725
11/1/2000,Montana,0,,1100,3969,,69,0,,,,,,,,,,,,,,,,,,5138
11/1/2000,Nebraska,1355,,29,4285,,2,0,,,,,,,,,,,,,,,,,,5671
11/1/2000,Nevada,0,,1720,2024,,101,0,,,,,,,,,,,,,,,,,,3845
11/1/2000,New Hampshire,60,,1249,2848,,23,0,,,,,,,,,,,,,,,,,,4180
11/1/2000,New Jersey,0,,1150,2911,,49,0,,,,,,,,,,,,,,,,,,4110
11/1/2000,New Mexico,0,,2051,5014,,108,0,,,,,,,,,,,,,,,,,,7173
11/1/2000,New York,4644,,746,14052,,10,23,,,,,,,,,,,,,,,,,,19475
11/1/2000,North Carolina,7505,,1318,22587,,110,0,,,,,,,,,,,,,,,,,,31520
11/1/2000,North Dakota,115,,315,2393,,26,0,,,,,,,,,,,,,,,,,,2849
11/1/2000,Ohio,0,,8048,26300,,542,0,,,,,,,,,,,,,,,,,,34890
11/1/2000,Oklahoma,0,,3461,13826,,276,0,,,,,,,,,,,,,,,,,,17563
11/1/2000,Oregon,0,,4111,7054,,167,0,,,,,,,,,,,,,,,,,,11332
11/1/2000,Pennsylvania,337,,0,53376,,376,0,,,,,,,,,,,,,,,,,,54089
11/1/2000,Puerto Rico,0,,316,67,,5,0,,,,,,,,,,,,,,,,,,388
11/1/2000,Rhode Island,0,,369,502,,86,0,,,,,,,,,,,,,,,,,,957
11/1/2000,South Carolina,609,,3895,9241,,82,0,,,,,,,,,,,,,,,,,,13827
11/1/2000,South Dakota,0,,381,3311,,25,0,,,,,,,,,,,,,,,,,,3717
11/1/2000,Tennessee,0,,8161,18095,,311,0,,,,,,,,,,,,,,,,,,26567
11/1/2000,Texas,7221,,14616,44315,,837,7,,,,,,,,,,,,,,,,,,66996
11/1/2000,Utah,0,,1311,4480,,57,0,,,,,,,,,,,,,,,,,,5848
11/1/2000,Vermont,0,,394,1769,,18,0,,,,,,,,,,,,,,,,,,2181
11/1/2000,Virgin Islands,0,,0,0,,0,0,,,,,,,,,,,,,,,,,,0
11/1/2000,Virginia,0,,5577,15558,,135,0,,,,,,,,,,,,,,,,,,21270
11/1/2000,Washington,2229,,2785,6580,,137,10,,,,,,,,,,,,,,,,,,11741
11/1/2000,West Virginia,0,,2715,13705,,171,0,,,,,,,,,,,,,,,,,,16591
11/1/2000,Wisconsin,0,,3341,17298,,8,0,,,,,,,,,,,,,,,,,,20647
11/1/2000,Wyoming,177,,610,1896,,42,0,,,,,,,,,,,,,,,,,,2725
10/1/2000,Alabama,0,,6200,13169,,278,0,,,,,,,,,,,,,,,,,,19647
10/1/2000,Alaska,0,,1541,3417,,178,0,,,,,,,,,,,,,,,,,,5136
10/1/2000,Arizona,507,,4580,6294,,284,624,,,,,,,,,,,,,,,,,,12289
10/1/2000,Arkansas,394,,3170,13381,,229,0,,,,,,,,,,,,,,,,,,17174
10/1/2000,California,10529,,26412,25647,,0,0,,,,,,,,,,,,,,,,,,62588
10/1/2000,Colorado,0,,8974,20424,,816,10,,,,,,,,,,,,,,,,,,30224
10/1/2000,Connecticut,7838,,0,0,,0,0,,,,,,,,,,,,,,,,,,7838
10/1/2000,Delaware,0,,404,1196,,12,0,,,,,,,,,,,,,,,,,,1612
10/1/2000,District of Columbia,0,,0,0,,0,0,,,,,,,,,,,,,,,,,,0
10/1/2000,Florida,0,,9923,12411,,383,1171,,,,,,,,,,,,,,,,,,23888
10/1/2000,Georgia,2844,,6004,15314,,323,9173,,,,,,,,,,,,,,,,,,33658
10/1/2000,Guam,0,,9,17,,0,0,,,,,,,,,,,,,,,,,,26
10/1/2000,Hawaii,630,,0,0,,0,0,,,,,,,,,,,,,,,,,,630
10/1/2000,Idaho,0,,1348,5409,,88,761,,,,,,,,,,,,,,,,,,7606
10/1/2000,Illinois,29443,,4577,9617,,204,0,,,,,,,,,,,,,,,,,,43841
10/1/2000,Indiana,9058,,1906,7059,,3,0,,,,,,,,,,,,,,,,,,18026
10/1/2000,Iowa,4331,,36,6225,,3,25,,,,,,,,,,,,,,,,,,10620
10/1/2000,Kansas,0,,2409,7936,,171,0,,,,,,,,,,,,,,,,,,10516
10/1/2000,Kentucky,0,,6572,14428,,371,0,,,,,,,,,,,,,,,,,,21371
10/1/2000,Louisiana,0,,4266,14967,,201,0,,,,,,,,,,,,,,,,,,19434
10/1/2000,Maine,0,,1072,6425,,72,0,,,,,,,,,,,,,,,,,,7569
10/1/2000,Mariana Islands,0,,0,0,,0,0,,,,,,,,,,,,,,,,,,0
10/1/2000,Maryland,3144,,163,5146,,8,0,,,,,,,,,,,,,,,,,,8461
10/1/2000,Massachusetts,3587,,1105,1390,,35,217,,,,,,,,,,,,,,,,,,6334
10/1/2000,Michigan,10519,,79,23225,,8,0,,,,,,,,,,,,,,,,,,33831
10/1/2000,Minnesota,3057,,2340,20310,,86,0,,,,,,,,,,,,,,,,,,25793
10/1/2000,Mississippi,0,,3915,11218,,153,0,,,,,,,,,,,,,,,,,,15286
10/1/2000,Missouri,0,,2745,18284,,179,0,,,,,,,,,,,,,,,,,,21208
10/1/2000,Montana,0,,1415,7439,,118,0,,,,,,,,,,,,,,,,,,8972
10/1/2000,Nebraska,1637,,29,4802,,2,0,,,,,,,,,,,,,,,,,,6470
10/1/2000,Nevada,0,,1711,2186,,94,0,,,,,,,,,,,,,,,,,,3991
10/1/2000,New Hampshire,77,,1199,3299,,10,0,,,,,,,,,,,,,,,,,,4585
10/1/2000,New Jersey,0,,1082,2139,,55,2,,,,,,,,,,,,,,,,,,3278
10/1/2000,New Mexico,0,,2388,5979,,142,0,,,,,,,,,,,,,,,,,,8509
10/1/2000,New York,5057,,880,13632,,15,36,,,,,,,,,,,,,,,,,,19620
10/1/2000,North Carolina,7565,,1381,17797,,105,0,,,,,,,,,,,,,,,,,,26848
10/1/2000,North Dakota,158,,349,4210,,25,0,,,,,,,,,,,,,,,,,,4742
10/1/2000,Ohio,0,,7568,17066,,401,0,,,,,,,,,,,,,,,,,,25035
10/1/2000,Oklahoma,0,,3846,10675,,299,0,,,,,,,,,,,,,,,,,,14820
10/1/2000,Oregon,0,,3515,7718,,194,0,,,,,,,,,,,,,,,,,,11427
10/1/2000,Pennsylvania,371,,0,47193,,913,0,,,,,,,,,,,,,,,,,,48477
10/1/2000,Puerto Rico,0,,356,94,,8,0,,,,,,,,,,,,,,,,,,458
10/1/2000,Rhode Island,0,,328,471,,68,0,,,,,,,,,,,,,,,,,,867
10/1/2000,South Carolina,735,,3246,7432,,84,0,,,,,,,,,,,,,,,,,,11497
10/1/2000,South Dakota,0,,477,5680,,30,0,,,,,,,,,,,,,,,,,,6187
10/1/2000,Tennessee,0,,7582,12200,,296,1,,,,,,,,,,,,,,,,,,20079
10/1/2000,Texas,6525,,14514,40940,,870,23,,,,,,,,,,,,,,,,,,62872
10/1/2000,Utah,0,,1175,5285,,62,0,,,,,,,,,,,,,,,,,,6522
10/1/2000,Vermont,0,,503,2165,,20,0,,,,,,,,,,,,,,,,,,2688
10/1/2000,Virgin Islands,0,,0,0,,0,0,,,,,,,,,,,,,,,,,,0
10/1/2000,Virginia,0,,5391,11906,,160,0,,,,,,,,,,,,,,,,,,17457
10/1/2000,Washington,2591,,2887,9149,,161,4,,,,,,,,,,,,,,,,,,14792
10/1/2000,West Virginia,0,,2624,10840,,186,0,,,,,,,,,,,,,,,,,,13650
10/1/2000,Wisconsin,0,,3826,20900,,10,0,,,,,,,,,,,,,,,,,,24736
10/1/2000,Wyoming,168,,647,2322,,41,0,,,,,,,,,,,,,,,,,,3178
9/1/2000,Alabama,0,,6534,13085,,266,0,,,,,,,,,,,,,,,,,,19885
9/1/2000,Alaska,0,,916,2559,,78,0,,,,,,,,,,,,,,,,,,3553
9/1/2000,Arizona,419,,4925,6147,,233,554,,,,,,,,,,,,,,,,,,12278
9/1/2000,Arkansas,608,,3118,11807,,199,0,,,,,,,,,,,,,,,,,,15732
9/1/2000,California,12099,,22518,25220,,0,0,,,,,,,,,,,,,,,,,,59837
9/1/2000,Colorado,0,,9586,18542,,833,13,,,,,,,,,,,,,,,,,,28974
9/1/2000,Connecticut,6700,,0,0,,0,2,,,,,,,,,,,,,,,,,,6702
9/1/2000,Delaware,0,,307,957,,11,0,,,,,,,,,,,,,,,,,,1275
9/1/2000,District of Columbia,0,,0,0,,0,0,,,,,,,,,,,,,,,,,,0
9/1/2000,Florida,0,,9485,10130,,373,1013,,,,,,,,,,,,,,,,,,21001
9/1/2000,Georgia,2919,,6280,12368,,251,8167,,,,,,,,,,,,,,,,,,29985
9/1/2000,Guam,0,,12,11,,0,0,,,,,,,,,,,,,,,,,,23
9/1/2000,Hawaii,726,,0,0,,0,0,,,,,,,,,,,,,,,,,,726
9/1/2000,Idaho,0,,1618,6046,,110,784,,,,,,,,,,,,,,,,,,8558
9/1/2000,Illinois,25235,,4206,8321,,163,0,,,,,,,,,,,,,,,,,,37925
9/1/2000,Indiana,9213,,1635,5809,,4,0,,,,,,,,,,,,,,,,,,16661
9/1/2000,Iowa,2966,,44,4671,,1,10,,,,,,,,,,,,,,,,,,7692
9/1/2000,Kansas,0,,2010,5824,,174,0,,,,,,,,,,,,,,,,,,8008
9/1/2000,Kentucky,0,,6500,13208,,400,0,,,,,,,,,,,,,,,,,,20108
9/1/2000,Louisiana,0,,4733,12818,,250,0,,,,,,,,,,,,,,,,,,17801
9/1/2000,Maine,0,,1078,4665,,71,0,,,,,,,,,,,,,,,,,,5814
9/1/2000,Mariana Islands,0,,7,0,,0,0,,,,,,,,,,,,,,,,,,7
9/1/2000,Maryland,3173,,135,4575,,9,0,,,,,,,,,,,,,,,,,,7892
9/1/2000,Massachusetts,2966,,999,1054,,22,212,,,,,,,,,,,,,,,,,,5253
9/1/2000,Michigan,9453,,74,23416,,3,0,,,,,,,,,,,,,,,,,,32946
9/1/2000,Minnesota,2652,,2358,20774,,160,0,,,,,,,,,,,,,,,,,,25944
9/1/2000,Mississippi,0,,4209,9669,,171,0,,,,,,,,,,,,,,,,,,14049
9/1/2000,Missouri,0,,2441,13584,,112,0,,,,,,,,,,,,,,,,,,16137
9/1/2000,Montana,0,,1509,6283,,121,3,,,,,,,,,,,,,,,,,,7916
9/1/2000,Nebraska,1221,,24,2986,,3,0,,,,,,,,,,,,,,,,,,4234
9/1/2000,Nevada,0,,1877,2326,,100,0,,,,,,,,,,,,,,,,,,4303
9/1/2000,New Hampshire,59,,1219,2919,,20,0,,,,,,,,,,,,,,,,,,4217
9/1/2000,New Jersey,0,,1102,1854,,56,2,,,,,,,,,,,,,,,,,,3014
9/1/2000,New Mexico,0,,2269,4861,,138,0,,,,,,,,,,,,,,,,,,7268
9/1/2000,New York,4847,,775,11623,,12,50,,,,,,,,,,,,,,,,,,17307
9/1/2000,North Carolina,6494,,1404,15660,,103,0,,,,,,,,,,,,,,,,,,23661
9/1/2000,North Dakota,192,,367,3651,,26,0,,,,,,,,,,,,,,,,,,4236
9/1/2000,Ohio,0,,7361,16241,,513,0,,,,,,,,,,,,,,,,,,24115
9/1/2000,Oklahoma,0,,3712,9086,,282,0,,,,,,,,,,,,,,,,,,13080
9/1/2000,Oregon,0,,4050,10969,,209,0,,,,,,,,,,,,,,,,,,15228
9/1/2000,Pennsylvania,281,,0,40956,,635,0,,,,,,,,,,,,,,,,,,41872
9/1/2000,Puerto Rico,0,,353,130,,4,0,,,,,,,,,,,,,,,,,,487
9/1/2000,Rhode Island,0,,308,371,,75,0,,,,,,,,,,,,,,,,,,754
9/1/2000,South Carolina,540,,3438,7245,,106,0,,,,,,,,,,,,,,,,,,11329
9/1/2000,South Dakota,0,,472,4191,,32,0,,,,,,,,,,,,,,,,,,4695
9/1/2000,Tennessee,0,,7237,11546,,304,0,,,,,,,,,,,,,,,,,,19087
9/1/2000,Texas,6590,,14335,43313,,872,0,,,,,,,,,,,,,,,,,,65110
9/1/2000,Utah,0,,1395,5562,,62,0,,,,,,,,,,,,,,,,,,7019
9/1/2000,Vermont,0,,459,1754,,18,0,,,,,,,,,,,,,,,,,,2231
9/1/2000,Virgin Islands,0,,0,0,,0,0,,,,,,,,,,,,,,,,,,0
9/1/2000,Virginia,0,,5562,10679,,156,0,,,,,,,,,,,,,,,,,,16397
9/1/2000,Washington,1894,,2777,8836,,156,22,,,,,,,,,,,,,,,,,,13685
9/1/2000,West Virginia,0,,2941,8915,,202,0,,,,,,,,,,,,,,,,,,12058
9/1/2000,Wisconsin,0,,3349,18870,,20,0,,,,,,,,,,,,,,,,,,22239
9/1/2000,Wyoming,213,,757,2829,,39,0,,,,,,,,,,,,,,,,,,3838
8/1/2000,Alabama,1,,6497,9632,,274,0,,,,,,,,,,,,,,,,,,16404
8/1/2000,Alaska,0,,977,2790,,75,0,,,,,,,,,,,,,,,,,,3842
8/1/2000,Arizona,625,,4891,5814,,241,555,,,,,,,,,,,,,,,,,,12126
8/1/2000,Arkansas,495,,3389,8628,,222,0,,,,,,,,,,,,,,,,,,12734
8/1/2000,California,12923,,23875,26926,,0,0,,,,,,,,,,,,,,,,,,63724
8/1/2000,Colorado,0,,9672,15215,,677,18,,,,,,,,,,,,,,,,,,25582
8/1/2000,Connecticut,7379,,0,0,,0,0,,,,,,,,,,,,,,,,,,7379
8/1/2000,Delaware,0,,322,708,,12,0,,,,,,,,,,,,,,,,,,1042
8/1/2000,District of Columbia,0,,1,0,,0,0,,,,,,,,,,,,,,,,,,1
8/1/2000,Florida,0,,10226,8969,,380,1521,,,,,,,,,,,,,,,,,,21096
8/1/2000,Georgia,2937,,6128,9790,,213,7334,,,,,,,,,,,,,,,,,,26402
8/1/2000,Guam,0,,5,17,,0,0,,,,,,,,,,,,,,,,,,22
8/1/2000,Hawaii,651,,0,0,,0,0,,,,,,,,,,,,,,,,,,651
8/1/2000,Idaho,0,,1584,3865,,111,533,,,,,,,,,,,,,,,,,,6093
8/1/2000,Illinois,30077,,4340,7723,,167,0,,,,,,,,,,,,,,,,,,42307
8/1/2000,Indiana,7373,,1771,5006,,4,0,,,,,,,,,,,,,,,,,,14154
8/1/2000,Iowa,2749,,40,2850,,2,19,,,,,,,,,,,,,,,,,,5660
8/1/2000,Kansas,0,,1954,4701,,121,0,,,,,,,,,,,,,,,,,,6776
8/1/2000,Kentucky,0,,6486,11171,,392,0,,,,,,,,,,,,,,,,,,18049
8/1/2000,Louisiana,0,,4525,9029,,184,0,,,,,,,,,,,,,,,,,,13738
8/1/2000,Maine,0,,986,2613,,52,0,,,,,,,,,,,,,,,,,,3651
8/1/2000,Mariana Islands,0,,0,0,,0,0,,,,,,,,,,,,,,,,,,0
8/1/2000,Maryland,2900,,155,3376,,10,0,,,,,,,,,,,,,,,,,,6441
8/1/2000,Massachusetts,3928,,1151,831,,22,246,,,,,,,,,,,,,,,,,,6178
8/1/2000,Michigan,9145,,75,12962,,5,0,,,,,,,,,,,,,,,,,,22187
8/1/2000,Minnesota,2808,,2354,11873,,94,0,,,,,,,,,,,,,,,,,,17129
8/1/2000,Mississippi,0,,4325,8527,,186,0,,,,,,,,,,,,,,,,,,13038
8/1/2000,Missouri,0,,2557,11254,,96,0,,,,,,,,,,,,,,,,,,13907
8/1/2000,Montana,0,,1437,4021,,102,1,,,,,,,,,,,,,,,,,,5561
8/1/2000,Nebraska,1102,,18,2075,,2,0,,,,,,,,,,,,,,,,,,3197
8/1/2000,Nevada,0,,1756,1877,,105,0,,,,,,,,,,,,,,,,,,3738
8/1/2000,New Hampshire,51,,1248,1950,,17,0,,,,,,,,,,,,,,,,,,3266
8/1/2000,New Jersey,0,,1229,1778,,42,0,,,,,,,,,,,,,,,,,,3049
8/1/2000,New Mexico,0,,2361,4207,,110,0,,,,,,,,,,,,,,,,,,6678
8/1/2000,New York,5179,,661,7313,,9,26,,,,,,,,,,,,,,,,,,13188
8/1/2000,North Carolina,8064,,1388,14075,,114,0,,,,,,,,,,,,,,,,,,23641
8/1/2000,North Dakota,190,,357,2366,,18,0,,,,,,,,,,,,,,,,,,2931
8/1/2000,Ohio,0,,7206,13268,,413,0,,,,,,,,,,,,,,,,,,20887
8/1/2000,Oklahoma,0,,3720,7646,,269,0,,,,,,,,,,,,,,,,,,11635
8/1/2000,Oregon,0,,3685,6407,,152,0,,,,,,,,,,,,,,,,,,10244
8/1/2000,Pennsylvania,299,,0,33938,,762,0,,,,,,,,,,,,,,,,,,34999
8/1/2000,Puerto Rico,0,,374,163,,9,0,,,,,,,,,,,,,,,,,,546
8/1/2000,Rhode Island,0,,298,326,,75,0,,,,,,,,,,,,,,,,,,699
8/1/2000,South Carolina,691,,3859,6844,,97,0,,,,,,,,,,,,,,,,,,11491
8/1/2000,South Dakota,0,,427,2736,,18,0,,,,,,,,,,,,,,,,,,3181
8/1/2000,Tennessee,3,,7836,11326,,284,0,,,,,,,,,,,,,,,,,,19449
8/1/2000,Texas,8164,,14220,36746,,845,19,,,,,,,,,,,,,,,,,,59994
8/1/2000,Utah,0,,1470,3580,,61,0,,,,,,,,,,,,,,,,,,5111
8/1/2000,Vermont,0,,436,1102,,6,0,,,,,,,,,,,,,,,,,,1544
8/1/2000,Virgin Islands,0,,0,0,,0,0,,,,,,,,,,,,,,,,,,0
8/1/2000,Virginia,0,,5296,8535,,139,0,,,,,,,,,,,,,,,,,,13970
8/1/2000,Washington,2007,,2651,6420,,166,4,,,,,,,,,,,,,,,,,,11248
8/1/2000,West Virginia,0,,2668,6233,,159,0,,,,,,,,,,,,,,,,,,9060
8/1/2000,Wisconsin,0,,3186,10819,,4,0,,,,,,,,,,,,,,,,,,14009
8/1/2000,Wyoming,234,,726,1757,,48,0,,,,,,,,,,,,,,,,,,2765
7/1/2000,Alabama,2,,5508,6730,,211,0,,,,,,,,,,,,,,,,,,12451
7/1/2000,Alaska,0,,1057,2121,,81,0,,,,,,,,,,,,,,,,,,3259
7/1/2000,Arizona,542,,4915,4399,,231,470,,,,,,,,,,,,,,,,,,10557
7/1/2000,Arkansas,542,,2986,5554,,184,0,,,,,,,,,,,,,,,,,,9266
7/1/2000,California,15461,,22150,22700,,0,0,,,,,,,,,,,,,,,,,,60311
7/1/2000,Colorado,0,,8018,10667,,603,2,,,,,,,,,,,,,,,,,,19290
7/1/2000,Connecticut,6168,,0,0,,0,4,,,,,,,,,,,,,,,,,,6172
7/1/2000,Delaware,0,,355,548,,9,0,,,,,,,,,,,,,,,,,,912
7/1/2000,District of Columbia,0,,1,0,,0,0,,,,,,,,,,,,,,,,,,1
7/1/2000,Florida,0,,9286,7175,,357,1085,,,,,,,,,,,,,,,,,,17903
7/1/2000,Georgia,2809,,5855,6422,,199,5809,,,,,,,,,,,,,,,,,,21094
7/1/2000,Guam,0,,14,15,,1,0,,,,,,,,,,,,,,,,,,30
7/1/2000,Hawaii,574,,0,0,,0,0,,,,,,,,,,,,,,,,,,574
7/1/2000,Idaho,0,,1534,2753,,89,813,,,,,,,,,,,,,,,,,,5189
7/1/2000,Illinois,18298,,4157,5051,,121,0,,,,,,,,,,,,,,,,,,27627
7/1/2000,Indiana,6776,,1426,3076,,5,0,,,,,,,,,,,,,,,,,,11283
7/1/2000,Iowa,2145,,25,1688,,1,16,,,,,,,,,,,,,,,,,,3875
7/1/2000,Kansas,0,,1851,3200,,102,0,,,,,,,,,,,,,,,,,,5153
7/1/2000,Kentucky,0,,5823,7245,,286,0,,,,,,,,,,,,,,,,,,13354
7/1/2000,Louisiana,0,,4310,5716,,161,0,,,,,,,,,,,,,,,,,,10187
7/1/2000,Maine,0,,829,1814,,43,0,,,,,,,,,,,,,,,,,,2686
7/1/2000,Mariana Islands,0,,0,0,,0,0,,,,,,,,,,,,,,,,,,0
7/1/2000,Maryland,2491,,137,2766,,9,0,,,,,,,,,,,,,,,,,,5403
7/1/2000,Massachusetts,3451,,877,602,,20,183,,,,,,,,,,,,,,,,,,5133
7/1/2000,Michigan,9740,,70,9656,,5,0,,,,,,,,,,,,,,,,,,19471
7/1/2000,Minnesota,2007,,2168,6569,,95,0,,,,,,,,,,,,,,,,,,10839
7/1/2000,Mississippi,0,,4092,5044,,135,0,,,,,,,,,,,,,,,,,,9271
7/1/2000,Missouri,0,,2390,8117,,105,0,,,,,,,,,,,,,,,,,,10612
7/1/2000,Montana,0,,1332,3228,,86,0,,,,,,,,,,,,,,,,,,4646
7/1/2000,Nebraska,850,,20,1457,,2,0,,,,,,,,,,,,,,,,,,2329
7/1/2000,Nevada,0,,1842,1648,,95,0,,,,,,,,,,,,,,,,,,3585
7/1/2000,New Hampshire,55,,1116,1597,,7,0,,,,,,,,,,,,,,,,,,2775
7/1/2000,New Jersey,0,,1195,1327,,49,3,,,,,,,,,,,,,,,,,,2574
7/1/2000,New Mexico,0,,2048,3229,,124,0,,,,,,,,,,,,,,,,,,5401
7/1/2000,New York,4360,,637,5026,,11,33,,,,,,,,,,,,,,,,,,10067
7/1/2000,North Carolina,6709,,1246,8984,,75,0,,,,,,,,,,,,,,,,,,17014
7/1/2000,North Dakota,186,,326,1377,,15,0,,,,,,,,,,,,,,,,,,1904
7/1/2000,Ohio,0,,5923,8588,,367,0,,,,,,,,,,,,,,,,,,14878
7/1/2000,Oklahoma,0,,3613,5620,,234,0,,,,,,,,,,,,,,,,,,9467
7/1/2000,Oregon,0,,3136,4864,,159,0,,,,,,,,,,,,,,,,,,8159
7/1/2000,Pennsylvania,239,,0,30329,,603,0,,,,,,,,,,,,,,,,,,31171
7/1/2000,Puerto Rico,0,,283,86,,5,0,,,,,,,,,,,,,,,,,,374
7/1/2000,Rhode Island,0,,282,239,,74,0,,,,,,,,,,,,,,,,,,595
7/1/2000,South Carolina,493,,3201,3742,,78,0,,,,,,,,,,,,,,,,,,7514
7/1/2000,South Dakota,0,,375,1703,,16,0,,,,,,,,,,,,,,,,,,2094
7/1/2000,Tennessee,0,,8199,7695,,327,0,,,,,,,,,,,,,,,,,,16221
7/1/2000,Texas,8928,,14041,21850,,699,0,,,,,,,,,,,,,,,,,,45518
7/1/2000,Utah,0,,1382,2512,,59,0,,,,,,,,,,,,,,,,,,3953
7/1/2000,Vermont,0,,417,774,,15,0,,,,,,,,,,,,,,,,,,1206
7/1/2000,Virgin Islands,0,,0,0,,0,0,,,,,,,,,,,,,,,,,,0
7/1/2000,Virginia,0,,5268,6498,,120,0,,,,,,,,,,,,,,,,,,11886
7/1/2000,Washington,1392,,2594,5035,,129,6,,,,,,,,,,,,,,,,,,9156
7/1/2000,West Virginia,0,,2638,4957,,148,0,,,,,,,,,,,,,,,,,,7743
7/1/2000,Wisconsin,0,,2565,6924,,9,0,,,,,,,,,,,,,,,,,,9498
7/1/2000,Wyoming,290,,656,1262,,59,0,,,,,,,,,,,,,,,,,,2267
6/1/2000,Alabama,0,,6144,6568,,232,0,,,,,,,,,,,,,,,,,,12944
6/1/2000,Alaska,0,,990,1907,,62,0,,,,,,,,,,,,,,,,,,2959
6/1/2000,Arizona,648,,5117,4170,,214,606,,,,,,,,,,,,,,,,,,10755
6/1/2000,Arkansas,578,,3448,5543,,189,0,,,,,,,,,,,,,,,,,,9758
6/1/2000,California,20464,,22813,21337,,0,0,,,,,,,,,,,,,,,,,,64614
6/1/2000,Colorado,0,,8931,10977,,702,22,,,,,,,,,,,,,,,,,,20632
6/1/2000,Connecticut,6778,,0,0,,0,1,,,,,,,,,,,,,,,,,,6779
6/1/2000,Delaware,0,,384,489,,7,0,,,,,,,,,,,,,,,,,,880
6/1/2000,District of Columbia,0,,0,0,,0,0,,,,,,,,,,,,,,,,,,0
6/1/2000,Florida,0,,10041,7298,,345,1191,,,,,,,,,,,,,,,,,,18875
6/1/2000,Georgia,3133,,6209,5787,,192,5651,,,,,,,,,,,,,,,,,,20972
6/1/2000,Guam,0,,11,11,,0,0,,,,,,,,,,,,,,,,,,22
6/1/2000,Hawaii,489,,0,0,,0,0,,,,,,,,,,,,,,,,,,489
6/1/2000,Idaho,0,,1593,2725,,82,950,,,,,,,,,,,,,,,,,,5350
6/1/2000,Illinois,19717,,4241,4631,,133,0,,,,,,,,,,,,,,,,,,28722
6/1/2000,Indiana,8427,,1524,3051,,3,0,,,,,,,,,,,,,,,,,,13005
6/1/2000,Iowa,2322,,29,1633,,4,15,,,,,,,,,,,,,,,,,,4003
6/1/2000,Kansas,0,,2057,3009,,139,0,,,,,,,,,,,,,,,,,,5205
6/1/2000,Kentucky,0,,6376,7163,,340,0,,,,,,,,,,,,,,,,,,13879
6/1/2000,Louisiana,0,,4562,4891,,200,0,,,,,,,,,,,,,,,,,,9653
6/1/2000,Maine,0,,843,1519,,44,0,,,,,,,,,,,,,,,,,,2406
6/1/2000,Mariana Islands,0,,0,0,,0,0,,,,,,,,,,,,,,,,,,0
6/1/2000,Maryland,2719,,141,2495,,9,0,,,,,,,,,,,,,,,,,,5364
6/1/2000,Massachusetts,3349,,1057,590,,16,299,,,,,,,,,,,,,,,,,,5311
6/1/2000,Michigan,9267,,80,8801,,2,0,,,,,,,,,,,,,,,,,,18150
6/1/2000,Minnesota,2376,,2368,5976,,88,0,,,,,,,,,,,,,,,,,,10808
6/1/2000,Mississippi,0,,4334,4721,,165,0,,,,,,,,,,,,,,,,,,9220
6/1/2000,Missouri,1,,2881,8094,,109,0,,,,,,,,,,,,,,,,,,11085
6/1/2000,Montana,1,,1554,3681,,90,2,,,,,,,,,,,,,,,,,,5328
6/1/2000,Nebraska,846,,24,1265,,2,0,,,,,,,,,,,,,,,,,,2137
6/1/2000,Nevada,0,,1796,1702,,113,0,,,,,,,,,,,,,,,,,,3611
6/1/2000,New Hampshire,45,,1194,1447,,11,0,,,,,,,,,,,,,,,,,,2697
6/1/2000,New Jersey,0,,1414,1464,,46,10,,,,,,,,,,,,,,,,,,2934
6/1/2000,New Mexico,0,,2389,3538,,113,0,,,,,,,,,,,,,,,,,,6040
6/1/2000,New York,4105,,707,4674,,8,33,,,,,,,,,,,,,,,,,,9527
6/1/2000,North Carolina,7693,,1400,8650,,96,0,,,,,,,,,,,,,,,,,,17839
6/1/2000,North Dakota,244,,327,1385,,17,0,,,,,,,,,,,,,,,,,,1973
6/1/2000,Ohio,0,,6704,8657,,369,0,,,,,,,,,,,,,,,,,,15730
6/1/2000,Oklahoma,0,,4044,6054,,273,0,,,,,,,,,,,,,,,,,,10371
6/1/2000,Oregon,0,,3781,5410,,184,0,,,,,,,,,,,,,,,,,,9375
6/1/2000,Pennsylvania,324,,7,30338,,773,0,,,,,,,,,,,,,,,,,,31442
6/1/2000,Puerto Rico,0,,361,89,,4,0,,,,,,,,,,,,,,,,,,454
6/1/2000,Rhode Island,0,,355,273,,54,0,,,,,,,,,,,,,,,,,,682
6/1/2000,South Carolina,491,,3557,3342,,93,0,,,,,,,,,,,,,,,,,,7483
6/1/2000,South Dakota,0,,417,1457,,31,0,,,,,,,,,,,,,,,,,,1905
6/1/2000,Tennessee,0,,6777,5604,,215,0,,,,,,,,,,,,,,,,,,12596
6/1/2000,Texas,6005,,14721,20585,,732,0,,,,,,,,,,,,,,,,,,42043
6/1/2000,Utah,0,,1487,2433,,44,0,,,,,,,,,,,,,,,,,,3964
6/1/2000,Vermont,0,,435,690,,4,1,,,,,,,,,,,,,,,,,,1130
6/1/2000,Virgin Islands,0,,0,0,,0,0,,,,,,,,,,,,,,,,,,0
6/1/2000,Virginia,0,,5088,5883,,158,0,,,,,,,,,,,,,,,,,,11129
6/1/2000,Washington,1083,,2539,5128,,138,22,,,,,,,,,,,,,,,,,,8910
6/1/2000,West Virginia,0,,2802,4452,,143,0,,,,,,,,,,,,,,,,,,7397
6/1/2000,Wisconsin,0,,2772,6379,,9,0,,,,,,,,,,,,,,,,,,9160
6/1/2000,Wyoming,206,,767,1325,,41,0,,,,,,,,,,,,,,,,,,2339
5/1/2000,Alabama,0,,5681,5940,,211,0,,,,,,,,,,,,,,,,,,11832
5/1/2000,Alaska,0,,983,2015,,71,0,,,,,,,,,,,,,,,,,,3069
5/1/2000,Arizona,703,,5115,4040,,232,692,,,,,,,,,,,,,,,,,,10782
5/1/2000,Arkansas,588,,3314,5383,,177,0,,,,,,,,,,,,,,,,,,9462
5/1/2000,California,17746,,23637,21526,,0,0,,,,,,,,,,,,,,,,,,62909
5/1/2000,Colorado,0,,7646,9195,,821,8,,,,,,,,,,,,,,,,,,17670
5/1/2000,Connecticut,6927,,0,0,,0,5,,,,,,,,,,,,,,,,,,6932
5/1/2000,Delaware,0,,398,458,,14,0,,,,,,,,,,,,,,,,,,870
5/1/2000,District of Columbia,0,,2,0,,0,0,,,,,,,,,,,,,,,,,,2
5/1/2000,Florida,0,,9593,6685,,332,1817,,,,,,,,,,,,,,,,,,18427
5/1/2000,Georgia,3299,,5843,4990,,204,5221,,,,,,,,,,,,,,,,,,19557
5/1/2000,Guam,0,,9,7,,2,0,,,,,,,,,,,,,,,,,,18
5/1/2000,Hawaii,452,,0,0,,0,0,,,,,,,,,,,,,,,,,,452
5/1/2000,Idaho,0,,1563,2908,,97,710,,,,,,,,,,,,,,,,,,5278
5/1/2000,Illinois,20771,,4626,5124,,143,0,,,,,,,,,,,,,,,,,,30664
5/1/2000,Indiana,6772,,1763,2698,,5,0,,,,,,,,,,,,,,,,,,11238
5/1/2000,Iowa,2628,,29,1511,,4,7,,,,,,,,,,,,,,,,,,4179
5/1/2000,Kansas,0,,2182,3157,,154,0,,,,,,,,,,,,,,,,,,5493
5/1/2000,Kentucky,0,,5982,6622,,309,0,,,,,,,,,,,,,,,,,,12913
5/1/2000,Louisiana,2,,4323,4558,,183,0,,,,,,,,,,,,,,,,,,9066
5/1/2000,Maine,0,,922,1466,,46,0,,,,,,,,,,,,,,,,,,2434
5/1/2000,Mariana Islands,0,,1,1,,0,0,,,,,,,,,,,,,,,,,,2
5/1/2000,Maryland,3052,,143,2300,,13,0,,,,,,,,,,,,,,,,,,5508
5/1/2000,Massachusetts,871,,948,614,,19,221,,,,,,,,,,,,,,,,,,2673
5/1/2000,Michigan,9575,,73,8599,,3,0,,,,,,,,,,,,,,,,,,18250
5/1/2000,Minnesota,2400,,2243,5585,,89,0,,,,,,,,,,,,,,,,,,10317
5/1/2000,Mississippi,0,,4141,4206,,111,0,,,,,,,,,,,,,,,,,,8458
5/1/2000,Missouri,0,,2675,7818,,81,0,,,,,,,,,,,,,,,,,,10574
5/1/2000,Montana,0,,1586,3536,,100,0,,,,,,,,,,,,,,,,,,5222
5/1/2000,Nebraska,945,,26,1229,,2,0,,,,,,,,,,,,,,,,,,2202
5/1/2000,Nevada,0,,2006,1676,,117,0,,,,,,,,,,,,,,,,,,3799
5/1/2000,New Hampshire,43,,1002,1444,,9,0,,,,,,,,,,,,,,,,,,2498
5/1/2000,New Jersey,0,,1246,1452,,46,2,,,,,,,,,,,,,,,,,,2746
5/1/2000,New Mexico,0,,2405,3227,,127,0,,,,,,,,,,,,,,,,,,5759
5/1/2000,New York,4241,,737,5148,,7,24,,,,,,,,,,,,,,,,,,10157
5/1/2000,North Carolina,8053,,1203,7626,,92,0,,,,,,,,,,,,,,,,,,16974
5/1/2000,North Dakota,277,,406,1243,,22,0,,,,,,,,,,,,,,,,,,1948
5/1/2000,Ohio,3,,6753,8260,,363,0,,,,,,,,,,,,,,,,,,15379
5/1/2000,Oklahoma,0,,3634,5445,,244,0,,,,,,,,,,,,,,,,,,9323
5/1/2000,Oregon,0,,3827,5258,,151,0,,,,,,,,,,,,,,,,,,9236
5/1/2000,Pennsylvania,447,,2,30655,,1692,0,,,,,,,,,,,,,,,,,,32796
5/1/2000,Puerto Rico,0,,329,87,,9,0,,,,,,,,,,,,,,,,,,425
5/1/2000,Rhode Island,0,,333,256,,80,0,,,,,,,,,,,,,,,,,,669
5/1/2000,South Carolina,485,,3332,2901,,92,0,,,,,,,,,,,,,,,,,,6810
5/1/2000,South Dakota,0,,431,1455,,15,0,,,,,,,,,,,,,,,,,,1901
5/1/2000,Tennessee,0,,7082,5646,,240,0,,,,,,,,,,,,,,,,,,12968
5/1/2000,Texas,7547,,14332,19248,,819,1,,,,,,,,,,,,,,,,,,41947
5/1/2000,Utah,0,,1530,2425,,51,0,,,,,,,,,,,,,,,,,,4006
5/1/2000,Vermont,0,,475,733,,14,0,,,,,,,,,,,,,,,,,,1222
5/1/2000,Virgin Islands,0,,0,0,,0,0,,,,,,,,,,,,,,,,,,0
5/1/2000,Virginia,0,,5497,5727,,128,0,,,,,,,,,,,,,,,,,,11352
5/1/2000,Washington,1236,,2661,4836,,136,11,,,,,,,,,,,,,,,,,,8880
5/1/2000,West Virginia,0,,2632,4378,,133,0,,,,,,,,,,,,,,,,,,7143
5/1/2000,Wisconsin,6,,3070,6845,,7,0,,,,,,,,,,,,,,,,,,9928
5/1/2000,Wyoming,133,,743,1285,,41,0,,,,,,,,,,,,,,,,,,2202
4/1/2000,Alabama,0,,6429,6406,,182,0,,,,,,,,,,,,,,,,,,13017
4/1/2000,Alaska,0,,1241,2110,,81,0,,,,,,,,,,,,,,,,,,3432
4/1/2000,Arizona,1183,,5884,4542,,198,139,,,,,,,,,,,,,,,,,,11946
4/1/2000,Arkansas,680,,3647,6410,,171,0,,,,,,,,,,,,,,,,,,10908
4/1/2000,California,18461,,24372,22963,,0,0,,,,,,,,,,,,,,,,,,65796
4/1/2000,Colorado,0,,9910,10726,,1141,1,,,,,,,,,,,,,,,,,,21778
4/1/2000,Connecticut,7009,,5,1,,0,6,,,,,,,,,,,,,,,,,,7021
4/1/2000,Delaware,0,,465,632,,11,0,,,,,,,,,,,,,,,,,,1108
4/1/2000,District of Columbia,0,,3,0,,0,0,,,,,,,,,,,,,,,,,,3
4/1/2000,Florida,0,,10156,7068,,330,1158,,,,,,,,,,,,,,,,,,18712
4/1/2000,Georgia,3420,,6666,6015,,180,5460,,,,,,,,,,,,,,,,,,21741
4/1/2000,Guam,0,,9,6,,0,0,,,,,,,,,,,,,,,,,,15
4/1/2000,Hawaii,419,,0,0,,0,0,,,,,,,,,,,,,,,,,,419
4/1/2000,Idaho,0,,1688,3332,,92,1169,,,,,,,,,,,,,,,,,,6281
4/1/2000,Illinois,23195,,5361,5945,,172,0,,,,,,,,,,,,,,,,,,34673
4/1/2000,Indiana,3797,,1821,7664,,2,0,,,,,,,,,,,,,,,,,,13284
4/1/2000,Iowa,3205,,34,2250,,1,11,,,,,,,,,,,,,,,,,,5501
4/1/2000,Kansas,0,,2206,3563,,127,0,,,,,,,,,,,,,,,,,,5896
4/1/2000,Kentucky,0,,6728,9352,,307,0,,,,,,,,,,,,,,,,,,16387
4/1/2000,Louisiana,0,,4918,4695,,163,0,,,,,,,,,,,,,,,,,,9776
4/1/2000,Maine,0,,1014,1896,,56,0,,,,,,,,,,,,,,,,,,2966
4/1/2000,Mariana Islands,0,,0,0,,0,0,,,,,,,,,,,,,,,,,,0
4/1/2000,Maryland,4189,,105,3141,,5,0,,,,,,,,,,,,,,,,,,7440
4/1/2000,Massachusetts,831,,1617,834,,39,279,,,,,,,,,,,,,,,,,,3600
4/1/2000,Michigan,10904,,104,11320,,5,0,,,,,,,,,,,,,,,,,,22333
4/1/2000,Minnesota,2865,,2930,8899,,87,0,,,,,,,,,,,,,,,,,,14781
4/1/2000,Mississippi,4,,4375,4628,,140,0,,,,,,,,,,,,,,,,,,9147
4/1/2000,Missouri,0,,3194,10893,,138,0,,,,,,,,,,,,,,,,,,14225
4/1/2000,Montana,0,,1761,3872,,111,0,,,,,,,,,,,,,,,,,,5744
4/1/2000,Nebraska,1221,,34,1392,,3,0,,,,,,,,,,,,,,,,,,2650
4/1/2000,Nevada,0,,2040,1817,,106,0,,,,,,,,,,,,,,,,,,3963
4/1/2000,New Hampshire,47,,1135,1922,,11,0,,,,,,,,,,,,,,,,,,3115
4/1/2000,New Jersey,0,,1559,1396,,30,1,,,,,,,,,,,,,,,,,,2986
4/1/2000,New Mexico,0,,2302,3797,,141,0,,,,,,,,,,,,,,,,,,6240
4/1/2000,New York,3995,,850,7639,,6,34,,,,,,,,,,,,,,,,,,12524
4/1/2000,North Carolina,8225,,1154,9381,,81,0,,,,,,,,,,,,,,,,,,18841
4/1/2000,North Dakota,288,,539,1652,,19,0,,,,,,,,,,,,,,,,,,2498
4/1/2000,Ohio,0,,9283,11404,,483,0,,,,,,,,,,,,,,,,,,21170
4/1/2000,Oklahoma,0,,4588,6688,,240,0,,,,,,,,,,,,,,,,,,11516
4/1/2000,Oregon,0,,4327,6503,,163,0,,,,,,,,,,,,,,,,,,10993
4/1/2000,Pennsylvania,369,,0,37781,,1039,0,,,,,,,,,,,,,,,,,,39189
4/1/2000,Puerto Rico,0,,331,61,,14,0,,,,,,,,,,,,,,,,,,406
4/1/2000,Rhode Island,0,,392,303,,89,0,,,,,,,,,,,,,,,,,,784
4/1/2000,South Carolina,492,,3514,3478,,81,0,,,,,,,,,,,,,,,,,,7565
4/1/2000,South Dakota,0,,536,1747,,17,0,,,,,,,,,,,,,,,,,,2300
4/1/2000,Tennessee,0,,7564,6545,,235,0,,,,,,,,,,,,,,,,,,14344
4/1/2000,Texas,5756,,14985,20674,,788,1,,,,,,,,,,,,,,,,,,42204
4/1/2000,Utah,0,,1655,2672,,52,0,,,,,,,,,,,,,,,,,,4379
4/1/2000,Vermont,0,,580,1116,,12,0,,,,,,,,,,,,,,,,,,1708
4/1/2000,Virgin Islands,0,,0,0,,0,0,,,,,,,,,,,,,,,,,,0
4/1/2000,Virginia,0,,6182,7052,,127,0,,,,,,,,,,,,,,,,,,13361
4/1/2000,Washington,1299,,2849,5406,,135,22,,,,,,,,,,,,,,,,,,9711
4/1/2000,West Virginia,0,,3002,6087,,166,0,,,,,,,,,,,,,,,,,,9255
4/1/2000,Wisconsin,1,,3704,10727,,9,0,,,,,,,,,,,,,,,,,,14441
4/1/2000,Wyoming,205,,790,1531,,37,0,,,,,,,,,,,,,,,,,,2563
3/1/2000,Alabama,9,,7781,8947,,264,0,,,,,,,,,,,,,,,,,,17001
3/1/2000,Alaska,0,,1163,1826,,65,0,,,,,,,,,,,,,,,,,,3054
3/1/2000,Arizona,1839,,6811,5164,,280,31,,,,,,,,,,,,,,,,,,14125
3/1/2000,Arkansas,893,,4607,8261,,223,0,,,,,,,,,,,,,,,,,,13984
3/1/2000,California,15339,,25411,24145,,0,0,,,,,,,,,,,,,,,,,,64895
3/1/2000,Colorado,0,,12054,14284,,1317,3,,,,,,,,,,,,,,,,,,27658
3/1/2000,Connecticut,8783,,0,0,,0,4,,,,,,,,,,,,,,,,,,8787
3/1/2000,Delaware,0,,543,694,,14,0,,,,,,,,,,,,,,,,,,1251
3/1/2000,District of Columbia,0,,2,0,,0,0,,,,,,,,,,,,,,,,,,2
3/1/2000,Florida,0,,11262,8575,,387,1449,,,,,,,,,,,,,,,,,,21673
3/1/2000,Georgia,4432,,8428,8768,,237,8967,,,,,,,,,,,,,,,,,,30832
3/1/2000,Guam,0,,12,11,,0,0,,,,,,,,,,,,,,,,,,23
3/1/2000,Hawaii,574,,0,0,,0,0,,,,,,,,,,,,,,,,,,574
3/1/2000,Idaho,0,,1843,3617,,102,1149,,,,,,,,,,,,,,,,,,6711
3/1/2000,Illinois,29711,,6602,7597,,199,0,,,,,,,,,,,,,,,,,,44109
3/1/2000,Indiana,0,,2606,12476,,11,0,,,,,,,,,,,,,,,,,,15093
3/1/2000,Iowa,5083,,50,2844,,5,12,,,,,,,,,,,,,,,,,,7994
3/1/2000,Kansas,0,,3464,4741,,150,0,,,,,,,,,,,,,,,,,,8355
3/1/2000,Kentucky,0,,8289,10669,,406,0,,,,,,,,,,,,,,,,,,19364
3/1/2000,Louisiana,0,,6149,5977,,210,0,,,,,,,,,,,,,,,,,,12336
3/1/2000,Maine,0,,1410,2061,,43,0,,,,,,,,,,,,,,,,,,3514
3/1/2000,Mariana Islands,0,,0,0,,0,0,,,,,,,,,,,,,,,,,,0
3/1/2000,Maryland,3971,,152,3351,,8,0,,,,,,,,,,,,,,,,,,7482
3/1/2000,Massachusetts,724,,1658,860,,29,276,,,,,,,,,,,,,,,,,,3547
3/1/2000,Michigan,13702,,89,12135,,9,0,,,,,,,,,,,,,,,,,,25935
3/1/2000,Minnesota,4089,,3710,9318,,101,0,,,,,,,,,,,,,,,,,,17218
3/1/2000,Mississippi,0,,5636,6530,,175,0,,,,,,,,,,,,,,,,,,12341
3/1/2000,Missouri,0,,4085,12164,,152,0,,,,,,,,,,,,,,,,,,16401
3/1/2000,Montana,0,,1938,3932,,132,0,,,,,,,,,,,,,,,,,,6002
3/1/2000,Nebraska,1812,,39,1676,,4,0,,,,,,,,,,,,,,,,,,3531
3/1/2000,Nevada,0,,2287,1991,,146,0,,,,,,,,,,,,,,,,,,4424
3/1/2000,New Hampshire,44,,1464,1848,,6,0,,,,,,,,,,,,,,,,,,3362
3/1/2000,New Jersey,0,,1684,1508,,71,4,,,,,,,,,,,,,,,,,,3267
3/1/2000,New Mexico,0,,3174,4399,,151,0,,,,,,,,,,,,,,,,,,7724
3/1/2000,New York,3946,,1316,7591,,16,88,,,,,,,,,,,,,,,,,,12957
3/1/2000,North Carolina,11969,,1412,11467,,94,0,,,,,,,,,,,,,,,,,,24942
3/1/2000,North Dakota,225,,647,1762,,22,0,,,,,,,,,,,,,,,,,,2656
3/1/2000,Ohio,0,,11022,13025,,649,0,,,,,,,,,,,,,,,,,,24696
3/1/2000,Oklahoma,0,,4864,7578,,260,0,,,,,,,,,,,,,,,,,,12702
3/1/2000,Oregon,12,,5386,6908,,169,0,,,,,,,,,,,,,,,,,,12475
3/1/2000,Pennsylvania,518,,0,47342,,740,0,,,,,,,,,,,,,,,,,,48600
3/1/2000,Puerto Rico,0,,543,70,,7,0,,,,,,,,,,,,,,,,,,620
3/1/2000,Rhode Island,0,,464,352,,123,0,,,,,,,,,,,,,,,,,,939
3/1/2000,South Carolina,724,,4768,5170,,111,0,,,,,,,,,,,,,,,,,,10773
3/1/2000,South Dakota,0,,603,1881,,16,0,,,,,,,,,,,,,,,,,,2500
3/1/2000,Tennessee,0,,10389,9252,,299,0,,,,,,,,,,,,,,,,,,19940
3/1/2000,Texas,6480,,19236,25024,,912,14,,,,,,,,,,,,,,,,,,51666
3/1/2000,Utah,0,,2099,3376,,74,0,,,,,,,,,,,,,,,,,,5549
3/1/2000,Vermont,0,,702,1242,,17,0,,,,,,,,,,,,,,,,,,1961
3/1/2000,Virgin Islands,0,,0,0,,0,0,,,,,,,,,,,,,,,,,,0
3/1/2000,Virginia,0,,8120,9611,,177,0,,,,,,,,,,,,,,,,,,17908
3/1/2000,Washington,1629,,3630,6327,,157,20,,,,,,,,,,,,,,,,,,11763
3/1/2000,West Virginia,0,,4101,6567,,186,1,,,,,,,,,,,,,,,,,,10855
3/1/2000,Wisconsin,0,,4480,12120,,15,0,,,,,,,,,,,,,,,,,,16615
3/1/2000,Wyoming,364,,965,1665,,53,0,,,,,,,,,,,,,,,,,,3047
2/1/2000,Alabama,0,,8710,10309,,290,0,,,,,,,,,,,,,,,,,,19309
2/1/2000,Alaska,0,,995,1556,,69,0,,,,,,,,,,,,,,,,,,2620
2/1/2000,Arizona,1630,,6612,5254,,319,67,,,,,,,,,,,,,,,,,,13882
2/1/2000,Arkansas,426,,5268,10046,,335,0,,,,,,,,,,,,,,,,,,16075
2/1/2000,California,13340,,23175,22390,,0,0,,,,,,,,,,,,,,,,,,58905
2/1/2000,Colorado,0,,10847,12928,,1036,1,,,,,,,,,,,,,,,,,,24812
2/1/2000,Connecticut,7640,,0,0,,0,5,,,,,,,,,,,,,,,,,,7645
2/1/2000,Delaware,0,,487,644,,2,0,,,,,,,,,,,,,,,,,,1133
2/1/2000,District of Columbia,0,,1,0,,0,0,,,,,,,,,,,,,,,,,,1
2/1/2000,Florida,0,,11071,9088,,431,1681,,,,,,,,,,,,,,,,,,22271
2/1/2000,Georgia,3863,,9255,9820,,256,10920,,,,,,,,,,,,,,,,,,34114
2/1/2000,Guam,0,,11,5,,0,0,,,,,,,,,,,,,,,,,,16
2/1/2000,Hawaii,511,,0,0,,0,0,,,,,,,,,,,,,,,,,,511
2/1/2000,Idaho,0,,1818,3373,,131,1018,,,,,,,,,,,,,,,,,,6340
2/1/2000,Illinois,24684,,6515,7141,,188,0,,,,,,,,,,,,,,,,,,38528
2/1/2000,Indiana,0,,2452,12274,,6,0,,,,,,,,,,,,,,,,,,14732
2/1/2000,Iowa,4825,,46,2776,,7,7,,,,,,,,,,,,,,,,,,7661
2/1/2000,Kansas,0,,3182,4811,,226,0,,,,,,,,,,,,,,,,,,8219
2/1/2000,Kentucky,0,,9215,11955,,451,0,,,,,,,,,,,,,,,,,,21621
2/1/2000,Louisiana,0,,6288,6746,,246,0,,,,,,,,,,,,,,,,,,13280
2/1/2000,Maine,0,,1057,1614,,52,0,,,,,,,,,,,,,,,,,,2723
2/1/2000,Mariana Islands,0,,0,0,,0,0,,,,,,,,,,,,,,,,,,0
2/1/2000,Maryland,3028,,167,3358,,13,0,,,,,,,,,,,,,,,,,,6566
2/1/2000,Massachusetts,406,,1394,730,,23,272,,,,,,,,,,,,,,,,,,2825
2/1/2000,Michigan,10620,,85,11080,,8,0,,,,,,,,,,,,,,,,,,21793
2/1/2000,Minnesota,3075,,2743,6831,,103,0,,,,,,,,,,,,,,,,,,12752
2/1/2000,Mississippi,0,,6988,7932,,249,0,,,,,,,,,,,,,,,,,,15169
2/1/2000,Missouri,1,,4077,12722,,133,0,,,,,,,,,,,,,,,,,,16933
2/1/2000,Montana,0,,1699,3477,,125,0,,,,,,,,,,,,,,,,,,5301
2/1/2000,Nebraska,1552,,52,1678,,2,0,,,,,,,,,,,,,,,,,,3284
2/1/2000,Nevada,0,,2297,1988,,147,0,,,,,,,,,,,,,,,,,,4432
2/1/2000,New Hampshire,44,,1173,1474,,3,0,,,,,,,,,,,,,,,,,,2694
2/1/2000,New Jersey,0,,1366,1366,,46,0,,,,,,,,,,,,,,,,,,2778
2/1/2000,New Mexico,0,,2964,4520,,203,0,,,,,,,,,,,,,,,,,,7687
2/1/2000,New York,3986,,960,6116,,8,36,,,,,,,,,,,,,,,,,,11106
2/1/2000,North Carolina,11945,,1747,13279,,154,0,,,,,,,,,,,,,,,,,,27125
2/1/2000,North Dakota,198,,497,1380,,24,0,,,,,,,,,,,,,,,,,,2099
2/1/2000,Ohio,0,,10979,12697,,528,0,,,,,,,,,,,,,,,,,,24204
2/1/2000,Oklahoma,3,,5465,9111,,386,7,,,,,,,,,,,,,,,,,,14972
2/1/2000,Oregon,0,,4920,6442,,189,0,,,,,,,,,,,,,,,,,,11551
2/1/2000,Pennsylvania,418,,0,36991,,522,0,,,,,,,,,,,,,,,,,,37931
2/1/2000,Puerto Rico,0,,347,61,,10,0,,,,,,,,,,,,,,,,,,418
2/1/2000,Rhode Island,0,,442,317,,94,0,,,,,,,,,,,,,,,,,,853
2/1/2000,South Carolina,799,,5389,5524,,139,0,,,,,,,,,,,,,,,,,,11851
2/1/2000,South Dakota,0,,531,1728,,29,0,,,,,,,,,,,,,,,,,,2288
2/1/2000,Tennessee,0,,10708,10149,,321,0,,,,,,,,,,,,,,,,,,21178
2/1/2000,Texas,5275,,19266,27237,,1083,0,,,,,,,,,,,,,,,,,,52861
2/1/2000,Utah,0,,2357,3406,,68,0,,,,,,,,,,,,,,,,,,5831
2/1/2000,Vermont,0,,579,981,,30,0,,,,,,,,,,,,,,,,,,1590
2/1/2000,Virgin Islands,0,,0,0,,0,0,,,,,,,,,,,,,,,,,,0
2/1/2000,Virginia,0,,6927,8623,,244,0,,,,,,,,,,,,,,,,,,15794
2/1/2000,Washington,1377,,3163,5791,,192,11,,,,,,,,,,,,,,,,,,10534
2/1/2000,West Virginia,0,,3957,7330,,259,0,,,,,,,,,,,,,,,,,,11546
2/1/2000,Wisconsin,0,,3830,9172,,11,0,,,,,,,,,,,,,,,,,,13013
2/1/2000,Wyoming,268,,906,1729,,53,0,,,,,,,,,,,,,,,,,,2956
1/1/2000,Alabama,0,,7542,10009,,309,0,,,,,,,,,,,,,,,,,,17860
1/1/2000,Alaska,0,,809,1288,,52,0,,,,,,,,,,,,,,,,,,2149
1/1/2000,Arizona,1372,,5761,4762,,235,62,,,,,,,,,,,,,,,,,,12192
1/1/2000,Arkansas,804,,3684,7911,,193,0,,,,,,,,,,,,,,,,,,12592
1/1/2000,California,12259,,22711,22830,,0,0,,,,,,,,,,,,,,,,,,57800
1/1/2000,Colorado,0,,9950,12557,,1104,3,,,,,,,,,,,,,,,,,,23614
1/1/2000,Connecticut,7652,,3,3,,0,3,,,,,,,,,,,,,,,,,,7661
1/1/2000,Delaware,0,,429,616,,12,0,,,,,,,,,,,,,,,,,,1057
1/1/2000,District of Columbia,0,,4,0,,0,0,,,,,,,,,,,,,,,,,,4
1/1/2000,Florida,0,,9967,8871,,340,1891,,,,,,,,,,,,,,,,,,21069
1/1/2000,Georgia,3983,,7828,8832,,246,9044,,,,,,,,,,,,,,,,,,29933
1/1/2000,Guam,0,,6,16,,1,0,,,,,,,,,,,,,,,,,,23
1/1/2000,Hawaii,576,,0,0,,0,0,,,,,,,,,,,,,,,,,,576
1/1/2000,Idaho,0,,1493,2740,,79,972,,,,,,,,,,,,,,,,,,5284
1/1/2000,Illinois,25829,,6205,7059,,180,0,,,,,,,,,,,,,,,,,,39273
1/1/2000,Indiana,0,,2230,12428,,5,0,,,,,,,,,,,,,,,,,,14663
1/1/2000,Iowa,5989,,42,2563,,2,23,,,,,,,,,,,,,,,,,,8619
1/1/2000,Kansas,0,,2994,4852,,141,0,,,,,,,,,,,,,,,,,,7987
1/1/2000,Kentucky,0,,7404,9685,,370,0,,,,,,,,,,,,,,,,,,17459
1/1/2000,Louisiana,0,,5333,7232,,202,0,,,,,,,,,,,,,,,,,,12767
1/1/2000,Maine,0,,962,1602,,42,0,,,,,,,,,,,,,,,,,,2606
1/1/2000,Mariana Islands,0,,0,0,,0,0,,,,,,,,,,,,,,,,,,0
1/1/2000,Maryland,2715,,141,2896,,6,0,,,,,,,,,,,,,,,,,,5758
1/1/2000,Massachusetts,490,,1044,706,,18,320,,,,,,,,,,,,,,,,,,2578
1/1/2000,Michigan,11037,,70,10116,,4,0,,,,,,,,,,,,,,,,,,21227
1/1/2000,Minnesota,2469,,2486,5074,,75,0,,,,,,,,,,,,,,,,,,10104
1/1/2000,Mississippi,0,,4960,7057,,183,0,,,,,,,,,,,,,,,,,,12200
1/1/2000,Missouri,0,,3288,10698,,186,0,,,,,,,,,,,,,,,,,,14172
1/1/2000,Montana,0,,1392,2922,,93,0,,,,,,,,,,,,,,,,,,4407
1/1/2000,Nebraska,1430,,41,1722,,3,0,,,,,,,,,,,,,,,,,,3196
1/1/2000,Nevada,0,,2220,1887,,131,0,,,,,,,,,,,,,,,,,,4238
1/1/2000,New Hampshire,20,,1134,1581,,18,0,,,,,,,,,,,,,,,,,,2753
1/1/2000,New Jersey,0,,1147,1419,,36,12,,,,,,,,,,,,,,,,,,2614
1/1/2000,New Mexico,0,,2408,3766,,125,0,,,,,,,,,,,,,,,,,,6299
1/1/2000,New York,4634,,691,5567,,9,56,,,,,,,,,,,,,,,,,,10957
1/1/2000,North Carolina,11115,,1296,11405,,94,0,,,,,,,,,,,,,,,,,,23910
1/1/2000,North Dakota,126,,456,1232,,20,0,,,,,,,,,,,,,,,,,,1834
1/1/2000,Ohio,0,,8932,10795,,473,0,,,,,,,,,,,,,,,,,,20200
1/1/2000,Oklahoma,0,,4388,7340,,229,0,,,,,,,,,,,,,,,,,,11957
1/1/2000,Oregon,0,,4251,5248,,159,0,,,,,,,,,,,,,,,,,,9658
1/1/2000,Pennsylvania,521,,1,33945,,653,0,,,,,,,,,,,,,,,,,,35120
1/1/2000,Puerto Rico,0,,185,57,,5,0,,,,,,,,,,,,,,,,,,247
1/1/2000,Rhode Island,0,,346,338,,90,0,,,,,,,,,,,,,,,,,,774
1/1/2000,South Carolina,563,,4275,4964,,103,0,,,,,,,,,,,,,,,,,,9905
1/1/2000,South Dakota,0,,448,1527,,22,0,,,,,,,,,,,,,,,,,,1997
1/1/2000,Tennessee,0,,9426,9238,,264,0,,,,,,,,,,,,,,,,,,18928
1/1/2000,Texas,4957,,16975,25892,,800,2,,,,,,,,,,,,,,,,,,48626
1/1/2000,Utah,0,,1788,2782,,41,0,,,,,,,,,,,,,,,,,,4611
1/1/2000,Vermont,0,,433,679,,11,0,,,,,,,,,,,,,,,,,,1123
1/1/2000,Virgin Islands,0,,0,0,,0,0,,,,,,,,,,,,,,,,,,0
1/1/2000,Virginia,0,,6044,7453,,139,0,,,,,,,,,,,,,,,,,,13636
1/1/2000,Washington,1309,,2794,4919,,126,23,,,,,,,,,,,,,,,,,,9171
1/1/2000,West Virginia,0,,3059,5374,,156,0,,,,,,,,,,,,,,,,,,8589
1/1/2000,Wisconsin,0,,3425,6937,,6,0,,,,,,,,,,,,,,,,,,10368
1/1/2000,Wyoming,312,,776,1385,,35,0,,,,,,,,,,,,,,,,,,2508
12/1/1999,Alabama,0,,10923,29890,,370,0,,,,,,,,,,,,,,,,,,41183
12/1/1999,Alaska,0,,1354,2833,,77,0,,,,,,,,,,,,,,,,,,4264
12/1/1999,Arizona,1300,,9128,10665,,373,55,,,,,,,,,,,,,,,,,,21521
12/1/1999,Arkansas,372,,5482,19908,,296,0,,,,,,,,,,,,,,,,,,26058
12/1/1999,California,9163,,49418,77697,,0,0,,,,,,,,,,,,,,,,,,136278
12/1/1999,Colorado,0,,16919,27112,,1365,1,,,,,,,,,,,,,,,,,,45397
12/1/1999,Connecticut,4041,,1944,2367,,3,21,,,,,,,,,,,,,,,,,,8376
12/1/1999,Delaware,0,,795,2146,,28,0,,,,,,,,,,,,,,,,,,2969
12/1/1999,District of Columbia,0,,2,0,,0,0,,,,,,,,,,,,,,,,,,2
12/1/1999,Florida,0,,14736,24200,,598,3277,,,,,,,,,,,,,,,,,,42811
12/1/1999,Georgia,4275,,16017,27898,,472,20631,,,,,,,,,,,,,,,,,,69293
12/1/1999,Guam,0,,14,13,,0,0,,,,,,,,,,,,,,,,,,27
12/1/1999,Hawaii,671,,0,0,,0,0,,,,,,,,,,,,,,,,,,671
12/1/1999,Idaho,0,,2456,5936,,113,774,,,,,,,,,,,,,,,,,,9279
12/1/1999,Illinois,26777,,9292,15448,,279,0,,,,,,,,,,,,,,,,,,51796
12/1/1999,Indiana,0,,4311,20476,,11,0,,,,,,,,,,,,,,,,,,24798
12/1/1999,Iowa,6271,,50,7721,,3,10,,,,,,,,,,,,,,,,,,14055
12/1/1999,Kansas,0,,3700,11091,,210,0,,,,,,,,,,,,,,,,,,15001
12/1/1999,Kentucky,0,,11426,23480,,502,0,,,,,,,,,,,,,,,,,,35408
12/1/1999,Louisiana,0,,7460,22840,,292,0,,,,,,,,,,,,,,,,,,30592
12/1/1999,Maine,0,,1320,3561,,71,0,,,,,,,,,,,,,,,,,,4952
12/1/1999,Mariana Islands,0,,0,0,,0,0,,,,,,,,,,,,,,,,,,0
12/1/1999,Maryland,3662,,209,8127,,8,0,,,,,,,,,,,,,,,,,,12006
12/1/1999,Massachusetts,518,,1377,1358,,29,216,,,,,,,,,,,,,,,,,,3498
12/1/1999,Michigan,12166,,112,26295,,9,0,,,,,,,,,,,,,,,,,,38582
12/1/1999,Minnesota,2732,,3613,12175,,103,0,,,,,,,,,,,,,,,,,,18623
12/1/1999,Mississippi,0,,7253,21383,,255,0,,,,,,,,,,,,,,,,,,28891
12/1/1999,Missouri,1,,4792,23830,,158,0,,,,,,,,,,,,,,,,,,28781
12/1/1999,Montana,0,,1976,5158,,94,0,,,,,,,,,,,,,,,,,,7228
12/1/1999,Nebraska,1714,,54,5388,,5,0,,,,,,,,,,,,,,,,,,7161
12/1/1999,Nevada,0,,3593,4569,,203,0,,,,,,,,,,,,,,,,,,8365
12/1/1999,New Hampshire,0,,1680,3083,,13,0,,,,,,,,,,,,,,,,,,4776
12/1/1999,New Jersey,0,,1468,3129,,64,6,,,,,,,,,,,,,,,,,,4667
12/1/1999,New Mexico,0,,3919,7953,,251,0,,,,,,,,,,,,,,,,,,12123
12/1/1999,New York,4912,,778,14673,,10,42,,,,,,,,,,,,,,,,,,20415
12/1/1999,North Carolina,12465,,1725,33628,,103,0,,,,,,,,,,,,,,,,,,47921
12/1/1999,North Dakota,103,,549,2648,,17,0,,,,,,,,,,,,,,,,,,3317
12/1/1999,Ohio,0,,14076,26744,,676,0,,,,,,,,,,,,,,,,,,41496
12/1/1999,Oklahoma,0,,6746,17121,,388,0,,,,,,,,,,,,,,,,,,24255
12/1/1999,Oregon,0,,7507,13070,,240,0,,,,,,,,,,,,,,,,,,20817
12/1/1999,Pennsylvania,532,,1,56133,,1308,0,,,,,,,,,,,,,,,,,,57974
12/1/1999,Puerto Rico,0,,392,94,,6,0,,,,,,,,,,,,,,,,,,492
12/1/1999,Rhode Island,0,,482,620,,123,0,,,,,,,,,,,,,,,,,,1225
12/1/1999,South Carolina,466,,6716,14799,,155,0,,,,,,,,,,,,,,,,,,22136
12/1/1999,South Dakota,0,,575,3367,,22,0,,,,,,,,,,,,,,,,,,3964
12/1/1999,Tennessee,0,,14717,26478,,442,0,,,,,,,,,,,,,,,,,,41637
12/1/1999,Texas,4714,,26652,69368,,1281,0,,,,,,,,,,,,,,,,,,102015
12/1/1999,Utah,0,,3400,8661,,89,0,,,,,,,,,,,,,,,,,,12150
12/1/1999,Vermont,0,,678,1726,,21,0,,,,,,,,,,,,,,,,,,2425
12/1/1999,Virgin Islands,0,,0,0,,0,0,,,,,,,,,,,,,,,,,,0
12/1/1999,Virginia,0,,10238,19346,,228,0,,,,,,,,,,,,,,,,,,29812
12/1/1999,Washington,1297,,3847,12408,,159,35,,,,,,,,,,,,,,,,,,17746
12/1/1999,West Virginia,0,,4618,11087,,206,0,,,,,,,,,,,,,,,,,,15911
12/1/1999,Wisconsin,0,,4753,14191,,8,0,,,,,,,,,,,,,,,,,,18952
12/1/1999,Wyoming,112,,1165,2914,,49,1,,,,,,,,,,,,,,,,,,4241
11/1/1999,Alabama,0,,7677,21455,,313,0,,,,,,,,,,,,,,,,,,29445
11/1/1999,Alaska,0,,1056,2048,,65,0,,,,,,,,,,,,,,,,,,3169
11/1/1999,Arizona,1534,,5709,6185,,286,0,,,,,,,,,,,,,,,,,,13714
11/1/1999,Arkansas,254,,3877,19531,,284,0,,,,,,,,,,,,,,,,,,23946
11/1/1999,California,10394,,33398,46599,,0,0,,,,,,,,,,,,,,,,,,90391
11/1/1999,Colorado,0,,11344,18611,,854,2,,,,,,,,,,,,,,,,,,30811
11/1/1999,Connecticut,2201,,1807,2583,,8,15,,,,,,,,,,,,,,,,,,6614
11/1/1999,Delaware,0,,625,1760,,18,0,,,,,,,,,,,,,,,,,,2403
11/1/1999,District of Columbia,0,,0,0,,0,0,,,,,,,,,,,,,,,,,,0
11/1/1999,Florida,0,,10440,15319,,399,2332,,,,,,,,,,,,,,,,,,28490
11/1/1999,Georgia,3651,,7789,17248,,265,12156,,,,,,,,,,,,,,,,,,41109
11/1/1999,Guam,0,,12,11,,0,0,,,,,,,,,,,,,,,,,,23
11/1/1999,Hawaii,566,,0,0,,0,0,,,,,,,,,,,,,,,,,,566
11/1/1999,Idaho,0,,1743,4225,,89,737,,,,,,,,,,,,,,,,,,6794
11/1/1999,Illinois,32712,,6572,13699,,218,0,,,,,,,,,,,,,,,,,,53201
11/1/1999,Indiana,0,,2557,19673,,12,0,,,,,,,,,,,,,,,,,,22242
11/1/1999,Iowa,3421,,41,7507,,4,11,,,,,,,,,,,,,,,,,,10984
11/1/1999,Kansas,0,,2973,10615,,195,0,,,,,,,,,,,,,,,,,,13783
11/1/1999,Kentucky,0,,8000,19835,,394,0,,,,,,,,,,,,,,,,,,28229
11/1/1999,Louisiana,0,,5336,18423,,232,0,,,,,,,,,,,,,,,,,,23991
11/1/1999,Maine,0,,990,3709,,45,0,,,,,,,,,,,,,,,,,,4744
11/1/1999,Mariana Islands,0,,0,13,,0,0,,,,,,,,,,,,,,,,,,13
11/1/1999,Maryland,3383,,180,7935,,8,0,,,,,,,,,,,,,,,,,,11506
11/1/1999,Massachusetts,343,,1154,1366,,19,269,,,,,,,,,,,,,,,,,,3151
11/1/1999,Michigan,10331,,111,28946,,7,0,,,,,,,,,,,,,,,,,,39395
11/1/1999,Minnesota,2256,,2426,12272,,72,0,,,,,,,,,,,,,,,,,,17026
11/1/1999,Mississippi,0,,5005,18516,,192,0,,,,,,,,,,,,,,,,,,23713
11/1/1999,Missouri,0,,3255,20974,,189,0,,,,,,,,,,,,,,,,,,24418
11/1/1999,Montana,0,,1304,4376,,97,0,,,,,,,,,,,,,,,,,,5777
11/1/1999,Nebraska,1569,,56,4578,,1,0,,,,,,,,,,,,,,,,,,6204
11/1/1999,Nevada,0,,2542,2672,,136,0,,,,,,,,,,,,,,,,,,5350
11/1/1999,New Hampshire,2,,1311,2963,,12,0,,,,,,,,,,,,,,,,,,4288
11/1/1999,New Jersey,0,,1318,3086,,56,8,,,,,,,,,,,,,,,,,,4468
11/1/1999,New Mexico,0,,2534,5441,,144,0,,,,,,,,,,,,,,,,,,8119
11/1/1999,New York,4223,,728,15637,,8,43,,,,,,,,,,,,,,,,,,20639
11/1/1999,North Carolina,8620,,1494,24469,,90,0,,,,,,,,,,,,,,,,,,34673
11/1/1999,North Dakota,29,,394,2444,,18,0,,,,,,,,,,,,,,,,,,2885
11/1/1999,Ohio,0,,10639,27755,,546,0,,,,,,,,,,,,,,,,,,38940
11/1/1999,Oklahoma,0,,4305,14383,,332,0,,,,,,,,,,,,,,,,,,19020
11/1/1999,Oregon,0,,5229,12708,,157,0,,,,,,,,,,,,,,,,,,18094
11/1/1999,Pennsylvania,763,,4082,58877,,2311,0,,,,,,,,,,,,,,,,,,66033
11/1/1999,Puerto Rico,0,,400,76,,4,0,,,,,,,,,,,,,,,,,,480
11/1/1999,Rhode Island,0,,425,543,,104,0,,,,,,,,,,,,,,,,,,1072
11/1/1999,South Carolina,529,,4494,9898,,135,0,,,,,,,,,,,,,,,,,,15056
11/1/1999,South Dakota,0,,366,3318,,29,0,,,,,,,,,,,,,,,,,,3713
11/1/1999,Tennessee,0,,9922,18181,,368,0,,,,,,,,,,,,,,,,,,28471
11/1/1999,Texas,4398,,18069,46989,,1045,39,,,,,,,,,,,,,,,,,,70540
11/1/1999,Utah,0,,2094,5449,,64,0,,,,,,,,,,,,,,,,,,7607
11/1/1999,Vermont,0,,453,1969,,18,0,,,,,,,,,,,,,,,,,,2440
11/1/1999,Virgin Islands,0,,0,0,,0,0,,,,,,,,,,,,,,,,,,0
11/1/1999,Virginia,0,,6762,16104,,167,0,,,,,,,,,,,,,,,,,,23033
11/1/1999,Washington,1139,,2736,7904,,145,33,,,,,,,,,,,,,,,,,,11957
11/1/1999,West Virginia,0,,3184,14108,,189,0,,,,,,,,,,,,,,,,,,17481
11/1/1999,Wisconsin,0,,3654,19030,,6,0,,,,,,,,,,,,,,,,,,22690
11/1/1999,Wyoming,184,,775,2000,,34,0,,,,,,,,,,,,,,,,,,2993
10/1/1999,Alabama,0,,7625,14581,,278,0,,,,,,,,,,,,,,,,,,22484
10/1/1999,Alaska,0,,1851,3707,,165,0,,,,,,,,,,,,,,,,,,5723
10/1/1999,Arizona,1506,,6182,6954,,274,0,,,,,,,,,,,,,,,,,,14916
10/1/1999,Arkansas,479,,4120,14545,,244,0,,,,,,,,,,,,,,,,,,19388
10/1/1999,California,7976,,32530,37421,,0,0,,,,,,,,,,,,,,,,,,77927
10/1/1999,Colorado,0,,11307,20319,,810,0,,,,,,,,,,,,,,,,,,32436
10/1/1999,Connecticut,2541,,2191,2578,,2,14,,,,,,,,,,,,,,,,,,7326
10/1/1999,Delaware,0,,586,1318,,26,0,,,,,,,,,,,,,,,,,,1930
10/1/1999,District of Columbia,0,,5,0,,0,0,,,,,,,,,,,,,,,,,,5
10/1/1999,Florida,0,,10448,12058,,390,2771,,,,,,,,,,,,,,,,,,25667
10/1/1999,Georgia,3394,,8189,17391,,277,12920,,,,,,,,,,,,,,,,,,42171
10/1/1999,Guam,0,,10,8,,2,0,,,,,,,,,,,,,,,,,,20
10/1/1999,Hawaii,414,,0,0,,0,0,,,,,,,,,,,,,,,,,,414
10/1/1999,Idaho,0,,1729,6182,,116,587,,,,,,,,,,,,,,,,,,8614
10/1/1999,Illinois,32640,,5854,10776,,201,0,,,,,,,,,,,,,,,,,,49471
10/1/1999,Indiana,0,,2457,16865,,6,0,,,,,,,,,,,,,,,,,,19328
10/1/1999,Iowa,4121,,48,6840,,2,6,,,,,,,,,,,,,,,,,,11017
10/1/1999,Kansas,0,,3318,8025,,152,0,,,,,,,,,,,,,,,,,,11495
10/1/1999,Kentucky,0,,7824,15817,,352,0,,,,,,,,,,,,,,,,,,23993
10/1/1999,Louisiana,0,,5516,16218,,230,0,,,,,,,,,,,,,,,,,,21964
10/1/1999,Maine,0,,1267,7150,,86,0,,,,,,,,,,,,,,,,,,8503
10/1/1999,Mariana Islands,0,,0,0,,0,0,,,,,,,,,,,,,,,,,,0
10/1/1999,Maryland,3129,,186,5743,,12,0,,,,,,,,,,,,,,,,,,9070
10/1/1999,Massachusetts,521,,1223,1254,,22,312,,,,,,,,,,,,,,,,,,3332
10/1/1999,Michigan,10924,,99,24306,,5,0,,,,,,,,,,,,,,,,,,35334
10/1/1999,Minnesota,2507,,2895,21302,,111,0,,,,,,,,,,,,,,,,,,26815
10/1/1999,Mississippi,0,,5116,12980,,203,0,,,,,,,,,,,,,,,,,,18299
10/1/1999,Missouri,0,,3639,19215,,233,0,,,,,,,,,,,,,,,,,,23087
10/1/1999,Montana,0,,1614,7854,,120,0,,,,,,,,,,,,,,,,,,9588
10/1/1999,Nebraska,1598,,55,4909,,1,0,,,,,,,,,,,,,,,,,,6563
10/1/1999,Nevada,0,,2362,2541,,141,0,,,,,,,,,,,,,,,,,,5044
10/1/1999,New Hampshire,2,,1515,3448,,9,0,,,,,,,,,,,,,,,,,,4974
10/1/1999,New Jersey,0,,1396,2191,,54,9,,,,,,,,,,,,,,,,,,3650
10/1/1999,New Mexico,0,,3091,6494,,169,0,,,,,,,,,,,,,,,,,,9754
10/1/1999,New York,4669,,877,14634,,4,70,,,,,,,,,,,,,,,,,,20254
10/1/1999,North Carolina,8446,,1532,19809,,135,0,,,,,,,,,,,,,,,,,,29922
10/1/1999,North Dakota,0,,438,4290,,17,0,,,,,,,,,,,,,,,,,,4745
10/1/1999,Ohio,0,,10443,18780,,547,0,,,,,,,,,,,,,,,,,,29770
10/1/1999,Oklahoma,0,,4687,11147,,272,0,,,,,,,,,,,,,,,,,,16106
10/1/1999,Oregon,0,,4949,8591,,148,0,,,,,,,,,,,,,,,,,,13688
10/1/1999,Pennsylvania,701,,1,53760,,1835,0,,,,,,,,,,,,,,,,,,56297
10/1/1999,Puerto Rico,0,,415,90,,8,0,,,,,,,,,,,,,,,,,,513
10/1/1999,Rhode Island,0,,447,578,,77,0,,,,,,,,,,,,,,,,,,1102
10/1/1999,South Carolina,439,,4311,8038,,101,0,,,,,,,,,,,,,,,,,,12889
10/1/1999,South Dakota,0,,414,5083,,27,0,,,,,,,,,,,,,,,,,,5524
10/1/1999,Tennessee,0,,10078,13346,,337,0,,,,,,,,,,,,,,,,,,23761
10/1/1999,Texas,4654,,19018,43469,,939,0,,,,,,,,,,,,,,,,,,68080
10/1/1999,Utah,0,,1704,6232,,80,0,,,,,,,,,,,,,,,,,,8016
10/1/1999,Vermont,0,,650,2460,,19,0,,,,,,,,,,,,,,,,,,3129
10/1/1999,Virgin Islands,0,,0,0,,0,0,,,,,,,,,,,,,,,,,,0
10/1/1999,Virginia,0,,7279,13316,,188,0,,,,,,,,,,,,,,,,,,20783
10/1/1999,Washington,1119,,3037,11136,,163,39,,,,,,,,,,,,,,,,,,15494
10/1/1999,West Virginia,0,,3352,12793,,214,0,,,,,,,,,,,,,,,,,,16359
10/1/1999,Wisconsin,0,,4123,20534,,7,0,,,,,,,,,,,,,,,,,,24664
10/1/1999,Wyoming,270,,795,2406,,53,0,,,,,,,,,,,,,,,,,,3524
9/1/1999,Alabama,0,,6743,13170,,268,0,,,,,,,,,,,,,,,,,,20181
9/1/1999,Alaska,0,,999,2567,,57,0,,,,,,,,,,,,,,,,,,3623
9/1/1999,Arizona,1640,,5840,6406,,254,1,,,,,,,,,,,,,,,,,,14141
9/1/1999,Arkansas,868,,3547,12919,,246,0,,,,,,,,,,,,,,,,,,17580
9/1/1999,California,8101,,28771,33647,,0,0,,,,,,,,,,,,,,,,,,70519
9/1/1999,Colorado,0,,8536,16074,,464,10,,,,,,,,,,,,,,,,,,25084
9/1/1999,Connecticut,2734,,1659,2103,,8,95,,,,,,,,,,,,,,,,,,6599
9/1/1999,Delaware,0,,401,1096,,11,0,,,,,,,,,,,,,,,,,,1508
9/1/1999,District of Columbia,0,,0,0,,0,0,,,,,,,,,,,,,,,,,,0
9/1/1999,Florida,0,,9292,9495,,350,1262,,,,,,,,,,,,,,,,,,20399
9/1/1999,Georgia,3442,,7114,12545,,218,9884,,,,,,,,,,,,,,,,,,33203
9/1/1999,Guam,0,,16,14,,2,0,,,,,,,,,,,,,,,,,,32
9/1/1999,Hawaii,451,,0,0,,0,0,,,,,,,,,,,,,,,,,,451
9/1/1999,Idaho,0,,1662,6041,,130,677,,,,,,,,,,,,,,,,,,8510
9/1/1999,Illinois,28734,,4850,9115,,153,0,,,,,,,,,,,,,,,,,,42852
9/1/1999,Indiana,0,,1883,13143,,1,0,,,,,,,,,,,,,,,,,,15027
9/1/1999,Iowa,3287,,59,4845,,3,30,,,,,,,,,,,,,,,,,,8224
9/1/1999,Kansas,0,,2492,5840,,122,0,,,,,,,,,,,,,,,,,,8454
9/1/1999,Kentucky,0,,6606,13018,,366,0,,,,,,,,,,,,,,,,,,19990
9/1/1999,Louisiana,0,,5237,14128,,226,0,,,,,,,,,,,,,,,,,,19591
9/1/1999,Maine,0,,1211,4913,,89,0,,,,,,,,,,,,,,,,,,6213
9/1/1999,Mariana Islands,0,,0,0,,0,0,,,,,,,,,,,,,,,,,,0
9/1/1999,Maryland,2792,,159,4256,,14,0,,,,,,,,,,,,,,,,,,7221
9/1/1999,Massachusetts,285,,927,883,,17,232,,,,,,,,,,,,,,,,,,2344
9/1/1999,Michigan,9349,,98,22204,,7,0,,,,,,,,,,,,,,,,,,31658
9/1/1999,Minnesota,2297,,2492,20823,,92,0,,,,,,,,,,,,,,,,,,25704
9/1/1999,Mississippi,0,,4674,10099,,186,0,,,,,,,,,,,,,,,,,,14959
9/1/1999,Missouri,0,,3048,14309,,114,0,,,,,,,,,,,,,,,,,,17471
9/1/1999,Montana,0,,1552,5933,,107,0,,,,,,,,,,,,,,,,,,7592
9/1/1999,Nebraska,1354,,36,3236,,2,0,,,,,,,,,,,,,,,,,,4628
9/1/1999,Nevada,0,,2385,2793,,150,0,,,,,,,,,,,,,,,,,,5328
9/1/1999,New Hampshire,0,,1357,2828,,13,0,,,,,,,,,,,,,,,,,,4198
9/1/1999,New Jersey,0,,1153,1856,,47,2,,,,,,,,,,,,,,,,,,3058
9/1/1999,New Mexico,0,,2655,4844,,157,0,,,,,,,,,,,,,,,,,,7656
9/1/1999,New York,4496,,803,11908,,14,98,,,,,,,,,,,,,,,,,,17319
9/1/1999,North Carolina,7572,,1348,15374,,87,0,,,,,,,,,,,,,,,,,,24381
9/1/1999,North Dakota,0,,376,3748,,25,0,,,,,,,,,,,,,,,,,,4149
9/1/1999,Ohio,0,,8442,16519,,457,0,,,,,,,,,,,,,,,,,,25418
9/1/1999,Oklahoma,5,,4123,9383,,286,0,,,,,,,,,,,,,,,,,,13797
9/1/1999,Oregon,0,,4907,10486,,160,0,,,,,,,,,,,,,,,,,,15553
9/1/1999,Pennsylvania,1656,,0,42302,,1171,0,,,,,,,,,,,,,,,,,,45129
9/1/1999,Puerto Rico,0,,409,129,,2,0,,,,,,,,,,,,,,,,,,540
9/1/1999,Rhode Island,0,,344,438,,78,0,,,,,,,,,,,,,,,,,,860
9/1/1999,South Carolina,457,,4235,7866,,88,0,,,,,,,,,,,,,,,,,,12646
9/1/1999,South Dakota,0,,319,3621,,19,0,,,,,,,,,,,,,,,,,,3959
9/1/1999,Tennessee,0,,7853,11247,,284,0,,,,,,,,,,,,,,,,,,19384
9/1/1999,Texas,4662,,16751,43374,,902,42,,,,,,,,,,,,,,,,,,65731
9/1/1999,Utah,0,,1720,5496,,139,0,,,,,,,,,,,,,,,,,,7355
9/1/1999,Vermont,0,,602,1982,,19,0,,,,,,,,,,,,,,,,,,2603
9/1/1999,Virgin Islands,0,,0,0,,0,0,,,,,,,,,,,,,,,,,,0
9/1/1999,Virginia,0,,5995,11255,,179,0,,,,,,,,,,,,,,,,,,17429
9/1/1999,Washington,876,,2203,8826,,175,45,,,,,,,,,,,,,,,,,,12125
9/1/1999,West Virginia,0,,2987,8754,,163,0,,,,,,,,,,,,,,,,,,11904
9/1/1999,Wisconsin,0,,3376,17921,,9,0,,,,,,,,,,,,,,,,,,21306
9/1/1999,Wyoming,215,,778,2667,,64,0,,,,,,,,,,,,,,,,,,3724
8/1/1999,Alabama,0,,7123,9709,,263,0,,,,,,,,,,,,,,,,,,17095
8/1/1999,Alaska,0,,1111,3063,,69,0,,,,,,,,,,,,,,,,,,4243
8/1/1999,Arizona,1576,,5621,6008,,280,6,,,,,,,,,,,,,,,,,,13491
8/1/1999,Arkansas,505,,3833,9013,,231,0,,,,,,,,,,,,,,,,,,13582
8/1/1999,California,8723,,28841,32619,,0,0,,,,,,,,,,,,,,,,,,70183
8/1/1999,Colorado,0,,8272,11776,,534,25,,,,,,,,,,,,,,,,,,20607
8/1/1999,Connecticut,3295,,1740,1826,,27,11,,,,,,,,,,,,,,,,,,6899
8/1/1999,Delaware,0,,422,830,,18,0,,,,,,,,,,,,,,,,,,1270
8/1/1999,District of Columbia,0,,2,0,,0,0,,,,,,,,,,,,,,,,,,2
8/1/1999,Florida,0,,9946,8591,,368,1188,,,,,,,,,,,,,,,,,,20093
8/1/1999,Georgia,3650,,8045,10023,,235,8706,,,,,,,,,,,,,,,,,,30659
8/1/1999,Guam,0,,11,11,,0,0,,,,,,,,,,,,,,,,,,22
8/1/1999,Hawaii,462,,0,0,,0,0,,,,,,,,,,,,,,,,,,462
8/1/1999,Idaho,0,,1509,3971,,116,839,,,,,,,,,,,,,,,,,,6435
8/1/1999,Illinois,24132,,4988,8730,,173,0,,,,,,,,,,,,,,,,,,38023
8/1/1999,Indiana,0,,2187,13033,,6,0,,,,,,,,,,,,,,,,,,15226
8/1/1999,Iowa,2866,,49,2902,,3,21,,,,,,,,,,,,,,,,,,5841
8/1/1999,Kansas,0,,2686,5005,,143,0,,,,,,,,,,,,,,,,,,7834
8/1/1999,Kentucky,0,,6730,11112,,363,0,,,,,,,,,,,,,,,,,,18205
8/1/1999,Louisiana,0,,5092,9024,,176,0,,,,,,,,,,,,,,,,,,14292
8/1/1999,Maine,0,,1103,2870,,63,0,,,,,,,,,,,,,,,,,,4036
8/1/1999,Mariana Islands,0,,32,5,,1,0,,,,,,,,,,,,,,,,,,38
8/1/1999,Maryland,2561,,140,3446,,10,0,,,,,,,,,,,,,,,,,,6157
8/1/1999,Massachusetts,175,,850,732,,15,273,,,,,,,,,,,,,,,,,,2045
8/1/1999,Michigan,10005,,127,13770,,4,0,,,,,,,,,,,,,,,,,,23906
8/1/1999,Minnesota,2417,,2675,13076,,81,0,,,,,,,,,,,,,,,,,,18249
8/1/1999,Mississippi,0,,4742,8211,,168,0,,,,,,,,,,,,,,,,,,13121
8/1/1999,Missouri,0,,3085,11506,,136,0,,,,,,,,,,,,,,,,,,14727
8/1/1999,Montana,0,,1597,4313,,85,0,,,,,,,,,,,,,,,,,,5995
8/1/1999,Nebraska,1235,,29,2270,,0,0,,,,,,,,,,,,,,,,,,3534
8/1/1999,Nevada,0,,2437,2216,,186,0,,,,,,,,,,,,,,,,,,4839
8/1/1999,New Hampshire,0,,1277,2225,,12,0,,,,,,,,,,,,,,,,,,3514
8/1/1999,New Jersey,0,,1295,1778,,45,4,,,,,,,,,,,,,,,,,,3122
8/1/1999,New Mexico,0,,2821,4174,,152,0,,,,,,,,,,,,,,,,,,7147
8/1/1999,New York,4341,,838,7844,,11,92,,,,,,,,,,,,,,,,,,13126
8/1/1999,North Carolina,8798,,1389,13380,,84,0,,,,,,,,,,,,,,,,,,23651
8/1/1999,North Dakota,0,,422,2277,,11,0,,,,,,,,,,,,,,,,,,2710
8/1/1999,Ohio,0,,8667,13157,,438,0,,,,,,,,,,,,,,,,,,22262
8/1/1999,Oklahoma,0,,4229,7660,,256,0,,,,,,,,,,,,,,,,,,12145
8/1/1999,Oregon,0,,4685,6592,,175,0,,,,,,,,,,,,,,,,,,11452
8/1/1999,Pennsylvania,1149,,0,40245,,1643,0,,,,,,,,,,,,,,,,,,43037
8/1/1999,Puerto Rico,0,,314,126,,9,0,,,,,,,,,,,,,,,,,,449
8/1/1999,Rhode Island,0,,371,401,,65,0,,,,,,,,,,,,,,,,,,837
8/1/1999,South Carolina,507,,4493,6752,,82,0,,,,,,,,,,,,,,,,,,11834
8/1/1999,South Dakota,0,,355,2358,,17,0,,,,,,,,,,,,,,,,,,2730
8/1/1999,Tennessee,0,,8830,10575,,257,0,,,,,,,,,,,,,,,,,,19662
8/1/1999,Texas,4723,,16585,35003,,873,0,,,,,,,,,,,,,,,,,,57184
8/1/1999,Utah,0,,1697,3543,,90,0,,,,,,,,,,,,,,,,,,5330
8/1/1999,Vermont,0,,499,1236,,17,0,,,,,,,,,,,,,,,,,,1752
8/1/1999,Virgin Islands,0,,0,0,,0,0,,,,,,,,,,,,,,,,,,0
8/1/1999,Virginia,0,,6305,8698,,146,9,,,,,,,,,,,,,,,,,,15158
8/1/1999,Washington,1133,,2397,6807,,148,47,,,,,,,,,,,,,,,,,,10532
8/1/1999,West Virginia,0,,3068,6013,,145,0,,,,,,,,,,,,,,,,,,9226
8/1/1999,Wisconsin,0,,3490,10463,,9,0,,,,,,,,,,,,,,,,,,13962
8/1/1999,Wyoming,175,,868,1941,,63,0,,,,,,,,,,,,,,,,,,3047
7/1/1999,Alabama,0,,6770,7813,,212,0,,,,,,,,,,,,,,,,,,14795
7/1/1999,Alaska,0,,1297,2363,,84,0,,,,,,,,,,,,,,,,,,3744
7/1/1999,Arizona,1729,,5947,5073,,271,12,,,,,,,,,,,,,,,,,,13032
7/1/1999,Arkansas,407,,3712,6560,,218,0,,,,,,,,,,,,,,,,,,10897
7/1/1999,California,9063,,27758,28825,,0,0,,,,,,,,,,,,,,,,,,65646
7/1/1999,Colorado,2,,4733,5717,,306,0,,,,,,,,,,,,,,,,,,10758
7/1/1999,Connecticut,1926,,1572,1387,,0,55,,,,,,,,,,,,,,,,,,4940
7/1/1999,Delaware,0,,345,544,,12,0,,,,,,,,,,,,,,,,,,901
7/1/1999,District of Columbia,0,,2,0,,0,0,,,,,,,,,,,,,,,,,,2
7/1/1999,Florida,0,,10279,7868,,353,1504,,,,,,,,,,,,,,,,,,20004
7/1/1999,Georgia,3194,,7748,7333,,234,7051,,,,,,,,,,,,,,,,,,25560
7/1/1999,Guam,0,,6,6,,0,0,,,,,,,,,,,,,,,,,,12
7/1/1999,Hawaii,488,,0,4,,0,0,,,,,,,,,,,,,,,,,,492
7/1/1999,Idaho,0,,1600,3302,,107,1006,,,,,,,,,,,,,,,,,,6015
7/1/1999,Illinois,18092,,5185,6368,,181,0,,,,,,,,,,,,,,,,,,29826
7/1/1999,Indiana,0,,2205,10381,,8,0,,,,,,,,,,,,,,,,,,12594
7/1/1999,Iowa,2227,,52,1854,,2,17,,,,,,,,,,,,,,,,,,4152
7/1/1999,Kansas,0,,2581,3434,,133,0,,,,,,,,,,,,,,,,,,6148
7/1/1999,Kentucky,0,,7067,8455,,316,0,,,,,,,,,,,,,,,,,,15838
7/1/1999,Louisiana,0,,5491,6563,,170,0,,,,,,,,,,,,,,,,,,12224
7/1/1999,Maine,0,,871,1832,,55,0,,,,,,,,,,,,,,,,,,2758
7/1/1999,Mariana Islands,,,,,,0,,,,,,,,,,,,,,,,,,,0
7/1/1999,Maryland,2437,,149,2970,,8,0,,,,,,,,,,,,,,,,,,5564
7/1/1999,Massachusetts,61,,689,592,,7,386,,,,,,,,,,,,,,,,,,1735
7/1/1999,Michigan,9064,,98,9275,,5,0,,,,,,,,,,,,,,,,,,18442
7/1/1999,Minnesota,1797,,2107,6130,,59,0,,,,,,,,,,,,,,,,,,10093
7/1/1999,Mississippi,0,,5195,5707,,143,0,,,,,,,,,,,,,,,,,,11045
7/1/1999,Missouri,0,,2949,8449,,105,0,,,,,,,,,,,,,,,,,,11503
7/1/1999,Montana,0,,1564,3527,,82,,,,,,,,,,,,,,,,,,,5173
7/1/1999,Nebraska,959,,34,1456,,9,0,,,,,,,,,,,,,,,,,,2458
7/1/1999,Nevada,0,,2489,1901,,131,0,,,,,,,,,,,,,,,,,,4521
7/1/1999,New Hampshire,5,,1138,1795,,6,0,,,,,,,,,,,,,,,,,,2944
7/1/1999,New Jersey,0,,1317,1344,,66,24,,,,,,,,,,,,,,,,,,2751
7/1/1999,New Mexico,0,,2656,3745,,145,0,,,,,,,,,,,,,,,,,,6546
7/1/1999,New York,3685,,778,5290,,7,78,,,,,,,,,,,,,,,,,,9838
7/1/1999,North Carolina,7470,,1494,9859,,94,0,,,,,,,,,,,,,,,,,,18917
7/1/1999,North Dakota,0,,382,1556,,9,0,,,,,,,,,,,,,,,,,,1947
7/1/1999,Ohio,0,,7832,9201,,365,0,,,,,,,,,,,,,,,,,,17398
7/1/1999,Oklahoma,0,,4099,6171,,229,0,,,,,,,,,,,,,,,,,,10499
7/1/1999,Oregon,0,,4598,7134,,159,0,,,,,,,,,,,,,,,,,,11891
7/1/1999,Pennsylvania,938,,10,32312,,2059,0,,,,,,,,,,,,,,,,,,35319
7/1/1999,Puerto Rico,0,,275,79,,3,0,,,,,,,,,,,,,,,,,,357
7/1/1999,Rhode Island,0,,362,326,,61,0,,,,,,,,,,,,,,,,,,749
7/1/1999,South Carolina,467,,4369,4793,,77,0,,,,,,,,,,,,,,,,,,9706
7/1/1999,South Dakota,0,,310,1447,,16,0,,,,,,,,,,,,,,,,,,1773
7/1/1999,Tennessee,0,,9415,8063,,297,0,,,,,,,,,,,,,,,,,,17775
7/1/1999,Texas,5602,,19189,24571,,798,0,,,,,,,,,,,,,,,,,,50160
7/1/1999,Utah,0,,1712,2723,,103,0,,,,,,,,,,,,,,,,,,4538
7/1/1999,Vermont,0,,441,865,,14,0,,,,,,,,,,,,,,,,,,1320
7/1/1999,Virgin Islands,0,,0,0,,0,0,,,,,,,,,,,,,,,,,,0
7/1/1999,Virginia,0,,6410,7664,,137,41,,,,,,,,,,,,,,,,,,14252
7/1/1999,Washington,1109,,2269,5745,,138,47,,,,,,,,,,,,,,,,,,9308
7/1/1999,West Virginia,0,,3050,5278,,179,0,,,,,,,,,,,,,,,,,,8507
7/1/1999,Wisconsin,0,,3258,6489,,7,0,,,,,,,,,,,,,,,,,,9754
7/1/1999,Wyoming,84,,816,1572,,41,0,,,,,,,,,,,,,,,,,,2513
6/1/1999,Alabama,0,,7010,7393,,248,0,,,,,,,,,,,,,,,,,,14651
6/1/1999,Alaska,0,,1174,1944,,83,0,,,,,,,,,,,,,,,,,,3201
6/1/1999,Arizona,1714,,5771,4793,,290,7,,,,,,,,,,,,,,,,,,12575
6/1/1999,Arkansas,390,,3822,6118,,188,0,,,,,,,,,,,,,,,,,,10518
6/1/1999,California,9036,,27990,28272,,0,0,,,,,,,,,,,,,,,,,,65298
6/1/1999,Colorado,0,,4846,5733,,263,0,,,,,,,,,,,,,,,,,,10842
6/1/1999,Connecticut,3879,,1656,1361,,2,33,,,,,,,,,,,,,,,,,,6931
6/1/1999,Delaware,0,,389,516,,13,0,,,,,,,,,,,,,,,,,,918
6/1/1999,District of Columbia,0,,1,0,,0,0,,,,,,,,,,,,,,,,,,1
6/1/1999,Florida,0,,10450,7647,,370,916,,,,,,,,,,,,,,,,,,19383
6/1/1999,Georgia,3730,,7703,6588,,236,6700,,,,,,,,,,,,,,,,,,24957
6/1/1999,Guam,0,,4,9,,1,0,,,,,,,,,,,,,,,,,,14
6/1/1999,Hawaii,432,,0,0,,0,0,,,,,,,,,,,,,,,,,,432
6/1/1999,Idaho,0,,1641,3109,,77,339,,,,,,,,,,,,,,,,,,5166
6/1/1999,Illinois,20679,,4863,6263,,157,0,,,,,,,,,,,,,,,,,,31962
6/1/1999,Indiana,0,,2068,11960,,2,0,,,,,,,,,,,,,,,,,,14030
6/1/1999,Iowa,2730,,53,1636,,3,11,,,,,,,,,,,,,,,,,,4433
6/1/1999,Kansas,0,,2613,3279,,135,0,,,,,,,,,,,,,,,,,,6027
6/1/1999,Kentucky,0,,6780,7298,,295,0,,,,,,,,,,,,,,,,,,14373
6/1/1999,Louisiana,0,,5473,5579,,180,0,,,,,,,,,,,,,,,,,,11232
6/1/1999,Maine,0,,791,1424,,41,0,,,,,,,,,,,,,,,,,,2256
6/1/1999,Mariana Islands,,,,,,0,,,,,,,,,,,,,,,,,,,0
6/1/1999,Maryland,2459,,105,2864,,10,0,,,,,,,,,,,,,,,,,,5438
6/1/1999,Massachusetts,0,,625,539,,7,371,,,,,,,,,,,,,,,,,,1542
6/1/1999,Michigan,10029,,119,7716,,3,0,,,,,,,,,,,,,,,,,,17867
6/1/1999,Minnesota,1909,,2177,5587,,61,0,,,,,,,,,,,,,,,,,,9734
6/1/1999,Mississippi,0,,4744,4927,,110,0,,,,,,,,,,,,,,,,,,9781
6/1/1999,Missouri,0,,3147,8349,,170,0,,,,,,,,,,,,,,,,,,11666
6/1/1999,Montana,0,,1556,3574,,106,0,,,,,,,,,,,,,,,,,,5236
6/1/1999,Nebraska,1013,,39,1305,,0,0,,,,,,,,,,,,,,,,,,2357
6/1/1999,Nevada,0,,2402,1963,,155,0,,,,,,,,,,,,,,,,,,4520
6/1/1999,New Hampshire,0,,1101,1402,,1,0,,,,,,,,,,,,,,,,,,2504
6/1/1999,New Jersey,0,,1385,1310,,48,0,,,,,,,,,,,,,,,,,,2743
6/1/1999,New Mexico,0,,2909,3765,,132,0,,,,,,,,,,,,,,,,,,6806
6/1/1999,New York,5420,,709,5039,,5,64,,,,,,,,,,,,,,,,,,11237
6/1/1999,North Carolina,7884,,1401,9570,,102,0,,,,,,,,,,,,,,,,,,18957
6/1/1999,North Dakota,0,,372,1235,,14,0,,,,,,,,,,,,,,,,,,1621
6/1/1999,Ohio,0,,7642,8516,,356,0,,,,,,,,,,,,,,,,,,16514
6/1/1999,Oklahoma,0,,4280,6135,,264,0,,,,,,,,,,,,,,,,,,10679
6/1/1999,Oregon,0,,4896,5992,,148,0,,,,,,,,,,,,,,,,,,11036
6/1/1999,Pennsylvania,574,,0,33462,,467,0,,,,,,,,,,,,,,,,,,34503
6/1/1999,Puerto Rico,0,,312,59,,5,0,,,,,,,,,,,,,,,,,,376
6/1/1999,Rhode Island,0,,369,312,,38,0,,,,,,,,,,,,,,,,,,719
6/1/1999,South Carolina,486,,4154,3947,,83,0,,,,,,,,,,,,,,,,,,8670
6/1/1999,South Dakota,0,,276,1176,,12,0,,,,,,,,,,,,,,,,,,1464
6/1/1999,Tennessee,0,,9103,6807,,287,0,,,,,,,,,,,,,,,,,,16197
6/1/1999,Texas,6271,,17081,21918,,835,0,,,,,,,,,,,,,,,,,,46105
6/1/1999,Utah,0,,1697,2615,,81,0,,,,,,,,,,,,,,,,,,4393
6/1/1999,Vermont,0,,430,705,,7,0,,,,,,,,,,,,,,,,,,1142
6/1/1999,Virgin Islands,0,,0,0,,0,0,,,,,,,,,,,,,,,,,,0
6/1/1999,Virginia,0,,5730,7254,,154,31,,,,,,,,,,,,,,,,,,13169
6/1/1999,Washington,1185,,2331,5796,,154,54,,,,,,,,,,,,,,,,,,9520
6/1/1999,West Virginia,0,,2861,4481,,139,0,,,,,,,,,,,,,,,,,,7481
6/1/1999,Wisconsin,0,,3552,5576,,5,0,,,,,,,,,,,,,,,,,,9133
6/1/1999,Wyoming,176,,868,1513,,45,0,,,,,,,,,,,,,,,,,,2602
5/1/1999,Alabama,0,,7005,6832,,206,0,,,,,,,,,,,,,,,,,,14043
5/1/1999,Alaska,0,,1140,2065,,73,0,,,,,,,,,,,,,,,,,,3278
5/1/1999,Arizona,1832,,6301,4732,,297,24,,,,,,,,,,,,,,,,,,13186
5/1/1999,Arkansas,569,,3834,5532,,170,0,,,,,,,,,,,,,,,,,,10105
5/1/1999,California,8609,,27813,25075,,0,0,,,,,,,,,,,,,,,,,,61497
5/1/1999,Colorado,0,,4945,5279,,227,154,,,,,,,,,,,,,,,,,,10605
5/1/1999,Connecticut,4556,,2204,1410,,5,27,,,,,,,,,,,,,,,,,,8202
5/1/1999,Delaware,0,,497,576,,22,0,,,,,,,,,,,,,,,,,,1095
5/1/1999,District of Columbia,0,,1,0,,0,0,,,,,,,,,,,,,,,,,,1
5/1/1999,Florida,0,,10183,7355,,400,953,,,,,,,,,,,,,,,,,,18891
5/1/1999,Georgia,3871,,8208,6245,,219,6620,,,,,,,,,,,,,,,,,,25163
5/1/1999,Guam,0,,2,1,,0,0,,,,,,,,,,,,,,,,,,3
5/1/1999,Hawaii,343,,0,0,,0,0,,,,,,,,,,,,,,,,,,343
5/1/1999,Idaho,0,,1876,3291,,101,409,,,,,,,,,,,,,,,,,,5677
5/1/1999,Illinois,19959,,5654,6596,,168,0,,,,,,,,,,,,,,,,,,32377
5/1/1999,Indiana,0,,2153,13020,,3,0,,,,,,,,,,,,,,,,,,15176
5/1/1999,Iowa,2744,,63,1594,,2,9,,,,,,,,,,,,,,,,,,4412
5/1/1999,Kansas,0,,2675,3163,,137,0,,,,,,,,,,,,,,,,,,5975
5/1/1999,Kentucky,0,,6785,6694,,298,0,,,,,,,,,,,,,,,,,,13777
5/1/1999,Louisiana,0,,5282,4795,,171,0,,,,,,,,,,,,,,,,,,10248
5/1/1999,Maine,0,,1000,1449,,41,0,,,,,,,,,,,,,,,,,,2490
5/1/1999,Mariana Islands,,,,,,0,,,,,,,,,,,,,,,,,,,0
5/1/1999,Maryland,2336,,99,2650,,6,0,,,,,,,,,,,,,,,,,,5091
5/1/1999,Massachusetts,0,,605,533,,11,300,,,,,,,,,,,,,,,,,,1449
5/1/1999,Michigan,10257,,102,8594,,6,0,,,,,,,,,,,,,,,,,,18959
5/1/1999,Minnesota,2303,,2063,5046,,55,0,,,,,,,,,,,,,,,,,,9467
5/1/1999,Mississippi,0,,4847,4403,,145,0,,,,,,,,,,,,,,,,,,9395
5/1/1999,Missouri,0,,3354,8379,,98,0,,,,,,,,,,,,,,,,,,11831
5/1/1999,Montana,0,,1638,3461,,104,0,,,,,,,,,,,,,,,,,,5203
5/1/1999,Nebraska,1061,,35,1292,,1,0,,,,,,,,,,,,,,,,,,2389
5/1/1999,Nevada,0,,2491,2021,,155,0,,,,,,,,,,,,,,,,,,4667
5/1/1999,New Hampshire,0,,1221,1548,,10,0,,,,,,,,,,,,,,,,,,2779
5/1/1999,New Jersey,0,,1372,1285,,60,2,,,,,,,,,,,,,,,,,,2719
5/1/1999,New Mexico,0,,2857,3501,,117,0,,,,,,,,,,,,,,,,,,6475
5/1/1999,New York,7968,,924,5741,,10,53,,,,,,,,,,,,,,,,,,14696
5/1/1999,North Carolina,7663,,1333,8866,,83,0,,,,,,,,,,,,,,,,,,17945
5/1/1999,North Dakota,0,,467,1267,,13,0,,,,,,,,,,,,,,,,,,1747
5/1/1999,Ohio,0,,9014,8621,,384,0,,,,,,,,,,,,,,,,,,18019
5/1/1999,Oklahoma,0,,4443,5946,,242,0,,,,,,,,,,,,,,,,,,10631
5/1/1999,Oregon,0,,5061,5979,,146,0,,,,,,,,,,,,,,,,,,11186
5/1/1999,Pennsylvania,551,,20,35757,,503,0,,,,,,,,,,,,,,,,,,36831
5/1/1999,Puerto Rico,0,,350,75,,10,0,,,,,,,,,,,,,,,,,,435
5/1/1999,Rhode Island,0,,395,320,,47,0,,,,,,,,,,,,,,,,,,762
5/1/1999,South Carolina,452,,4594,3659,,103,0,,,,,,,,,,,,,,,,,,8808
5/1/1999,South Dakota,0,,311,1169,,11,0,,,,,,,,,,,,,,,,,,1491
5/1/1999,Tennessee,0,,8924,6335,,256,0,,,,,,,,,,,,,,,,,,15515
5/1/1999,Texas,4148,,17729,21511,,859,0,,,,,,,,,,,,,,,,,,44247
5/1/1999,Utah,0,,2308,2928,,97,0,,,,,,,,,,,,,,,,,,5333
5/1/1999,Vermont,0,,411,728,,17,0,,,,,,,,,,,,,,,,,,1156
5/1/1999,Virgin Islands,0,,0,0,,0,0,,,,,,,,,,,,,,,,,,0
5/1/1999,Virginia,0,,6627,6895,,182,26,,,,,,,,,,,,,,,,,,13730
5/1/1999,Washington,1141,,2151,5593,,154,95,,,,,,,,,,,,,,,,,,9134
5/1/1999,West Virginia,1,,3005,4239,,116,0,,,,,,,,,,,,,,,,,,7361
5/1/1999,Wisconsin,0,,4722,5966,,6,0,,,,,,,,,,,,,,,,,,10694
5/1/1999,Wyoming,128,,927,1422,,54,0,,,,,,,,,,,,,,,,,,2531
4/1/1999,Alabama,0,,7371,7218,,234,0,,,,,,,,,,,,,,,,,,14823
4/1/1999,Alaska,2,,1381,2462,,86,0,,,,,,,,,,,,,,,,,,3931
4/1/1999,Arizona,1933,,7249,5111,,276,6,,,,,,,,,,,,,,,,,,14575
4/1/1999,Arkansas,391,,4308,6619,,203,0,,,,,,,,,,,,,,,,,,11521
4/1/1999,California,9450,,28837,24367,,0,0,,,,,,,,,,,,,,,,,,62654
4/1/1999,Colorado,0,,5235,6010,,267,227,,,,,,,,,,,,,,,,,,11739
4/1/1999,Connecticut,5064,,2188,1748,,6,105,,,,,,,,,,,,,,,,,,9111
4/1/1999,Delaware,0,,451,610,,20,0,,,,,,,,,,,,,,,,,,1081
4/1/1999,District of Columbia,0,,2,0,,0,0,,,,,,,,,,,,,,,,,,2
4/1/1999,Florida,0,,10294,7510,,370,1045,,,,,,,,,,,,,,,,,,19219
4/1/1999,Georgia,4041,,8514,6793,,235,7245,,,,,,,,,,,,,,,,,,26828
4/1/1999,Guam,0,,2,0,,0,0,,,,,,,,,,,,,,,,,,2
4/1/1999,Hawaii,476,,0,0,,0,0,,,,,,,,,,,,,,,,,,476
4/1/1999,Idaho,0,,1808,3682,,124,893,,,,,,,,,,,,,,,,,,6507
4/1/1999,Illinois,23803,,7198,7127,,215,0,,,,,,,,,,,,,,,,,,38343
4/1/1999,Indiana,0,,2671,13844,,10,0,,,,,,,,,,,,,,,,,,16525
4/1/1999,Iowa,3687,,70,2258,,4,10,,,,,,,,,,,,,,,,,,6029
4/1/1999,Kansas,0,,2677,3869,,136,0,,,,,,,,,,,,,,,,,,6682
4/1/1999,Kentucky,0,,7669,9417,,353,0,,,,,,,,,,,,,,,,,,17439
4/1/1999,Louisiana,0,,5535,5018,,180,0,,,,,,,,,,,,,,,,,,10733
4/1/1999,Maine,0,,1066,1645,,54,0,,,,,,,,,,,,,,,,,,2765
4/1/1999,Mariana Islands,,,,,,0,0,,,,,,,,,,,,,,,,,,0
4/1/1999,Maryland,2889,,146,3074,,7,0,,,,,,,,,,,,,,,,,,6116
4/1/1999,Massachusetts,0,,708,672,,11,375,,,,,,,,,,,,,,,,,,1766
4/1/1999,Michigan,10903,,121,10964,,6,0,,,,,,,,,,,,,,,,,,21994
4/1/1999,Minnesota,3010,,2455,6750,,59,0,,,,,,,,,,,,,,,,,,12274
4/1/1999,Mississippi,0,,5609,4987,,139,0,,,,,,,,,,,,,,,,,,10735
4/1/1999,Missouri,0,,4141,11024,,116,0,,,,,,,,,,,,,,,,,,15281
4/1/1999,Montana,0,,1799,3930,,115,0,,,,,,,,,,,,,,,,,,5844
4/1/1999,Nebraska,1335,,70,1451,,3,0,,,,,,,,,,,,,,,,,,2859
4/1/1999,Nevada,0,,2623,2008,,154,0,,,,,,,,,,,,,,,,,,4785
4/1/1999,New Hampshire,0,,1061,1866,,8,5,,,,,,,,,,,,,,,,,,2940
4/1/1999,New Jersey,0,,1504,1463,,56,3,,,,,,,,,,,,,,,,,,3026
4/1/1999,New Mexico,0,,2959,3966,,157,0,,,,,,,,,,,,,,,,,,7082
4/1/1999,New York,8094,,1067,8127,,15,91,,,,,,,,,,,,,,,,,,17394
4/1/1999,North Carolina,8303,,1450,10117,,95,0,,,,,,,,,,,,,,,,,,19965
4/1/1999,North Dakota,0,,402,1332,,14,0,,,,,,,,,,,,,,,,,,1748
4/1/1999,Ohio,0,,10629,11498,,459,0,,,,,,,,,,,,,,,,,,22586
4/1/1999,Oklahoma,0,,4812,7128,,281,0,,,,,,,,,,,,,,,,,,12221
4/1/1999,Oregon,0,,5575,6773,,138,0,,,,,,,,,,,,,,,,,,12486
4/1/1999,Pennsylvania,709,,21,41718,,800,0,,,,,,,,,,,,,,,,,,43248
4/1/1999,Puerto Rico,0,,300,59,,4,0,,,,,,,,,,,,,,,,,,363
4/1/1999,Rhode Island,0,,400,360,,46,0,,,,,,,,,,,,,,,,,,806
4/1/1999,South Carolina,518,,4659,4085,,96,0,,,,,,,,,,,,,,,,,,9358
4/1/1999,South Dakota,0,,353,1406,,24,0,,,,,,,,,,,,,,,,,,1783
4/1/1999,Tennessee,0,,9218,7537,,245,0,,,,,,,,,,,,,,,,,,17000
4/1/1999,Texas,4945,,17864,22130,,788,0,,,,,,,,,,,,,,,,,,45727
4/1/1999,Utah,0,,2624,3234,,129,0,,,,,,,,,,,,,,,,,,5987
4/1/1999,Vermont,0,,497,1078,,24,0,,,,,,,,,,,,,,,,,,1599
4/1/1999,Virgin Islands,0,,0,0,,0,0,,,,,,,,,,,,,,,,,,0
4/1/1999,Virginia,0,,6437,7324,,143,29,,,,,,,,,,,,,,,,,,13933
4/1/1999,Washington,1155,,1963,5825,,183,103,,,,,,,,,,,,,,,,,,9229
4/1/1999,West Virginia,6,,3425,6299,,178,0,,,,,,,,,,,,,,,,,,9908
4/1/1999,Wisconsin,0,,6667,8260,,9,0,,,,,,,,,,,,,,,,,,14936
4/1/1999,Wyoming,159,,1008,1469,,66,0,,,,,,,,,,,,,,,,,,2702
3/1/1999,Alabama,0,,9151,9991,,282,0,,,,,,,,,,,,,,,,,,19424
3/1/1999,Alaska,0,,1205,1935,,66,0,,,,,,,,,,,,,,,,,,3206
3/1/1999,Arizona,2193,,7261,5248,,283,7,,,,,,,,,,,,,,,,,,14992
3/1/1999,Arkansas,25,,4886,8543,,265,1,,,,,,,,,,,,,,,,,,13720
3/1/1999,California,7591,,32639,28097,,0,0,,,,,,,,,,,,,,,,,,68327
3/1/1999,Colorado,0,,7867,8754,,419,247,,,,,,,,,,,,,,,,,,17287
3/1/1999,Connecticut,3689,,2042,2132,,2,12,,,,,,,,,,,,,,,,,,7877
3/1/1999,Delaware,0,,572,731,,11,0,,,,,,,,,,,,,,,,,,1314
3/1/1999,District of Columbia,0,,2,0,,0,0,,,,,,,,,,,,,,,,,,2
3/1/1999,Florida,0,,12149,9442,,397,1504,,,,,,,,,,,,,,,,,,23492
3/1/1999,Georgia,5353,,9823,9705,,318,8557,,,,,,,,,,,,,,,,,,33756
3/1/1999,Guam,0,,5,1,,0,0,,,,,,,,,,,,,,,,,,6
3/1/1999,Hawaii,447,,0,0,,0,0,,,,,,,,,,,,,,,,,,447
3/1/1999,Idaho,0,,2014,3889,,150,304,,,,,,,,,,,,,,,,,,6357
3/1/1999,Illinois,24876,,8727,9286,,200,0,,,,,,,,,,,,,,,,,,43089
3/1/1999,Indiana,0,,3426,13502,,10,0,,,,,,,,,,,,,,,,,,16938
3/1/1999,Iowa,4647,,55,2984,,3,2,,,,,,,,,,,,,,,,,,7691
3/1/1999,Kansas,0,,3905,4900,,187,0,,,,,,,,,,,,,,,,,,8992
3/1/1999,Kentucky,0,,9397,10944,,399,0,,,,,,,,,,,,,,,,,,20740
3/1/1999,Louisiana,0,,7320,6696,,223,0,,,,,,,,,,,,,,,,,,14239
3/1/1999,Maine,0,,1304,2005,,70,0,,,,,,,,,,,,,,,,,,3379
3/1/1999,Mariana Islands,,,,,,0,,,,,,,,,,,,,,,,,,,0
3/1/1999,Maryland,6637,,212,3717,,13,0,,,,,,,,,,,,,,,,,,10579
3/1/1999,Massachusetts,0,,657,755,,10,171,,,,,,,,,,,,,,,,,,1593
3/1/1999,Michigan,12821,,217,12207,,6,0,,,,,,,,,,,,,,,,,,25251
3/1/1999,Minnesota,3871,,2442,7366,,68,0,,,,,,,,,,,,,,,,,,13747
3/1/1999,Mississippi,0,,6818,6875,,164,0,,,,,,,,,,,,,,,,,,13857
3/1/1999,Missouri,4,,5087,12245,,231,0,,,,,,,,,,,,,,,,,,17567
3/1/1999,Montana,0,,1933,4024,,149,0,,,,,,,,,,,,,,,,,,6106
3/1/1999,Nebraska,1670,,79,1722,,4,0,,,,,,,,,,,,,,,,,,3475
3/1/1999,Nevada,0,,2850,2310,,203,0,,,,,,,,,,,,,,,,,,5363
3/1/1999,New Hampshire,0,,59,1801,,5,0,,,,,,,,,,,,,,,,,,1865
3/1/1999,New Jersey,0,,1578,1641,,50,14,,,,,,,,,,,,,,,,,,3283
3/1/1999,New Mexico,0,,3554,4591,,196,0,,,,,,,,,,,,,,,,,,8341
3/1/1999,New York,8466,,1202,7868,,14,118,,,,,,,,,,,,,,,,,,17668
3/1/1999,North Carolina,11751,,1523,12332,,132,0,,,,,,,,,,,,,,,,,,25738
3/1/1999,North Dakota,0,,507,1538,,10,0,,,,,,,,,,,,,,,,,,2055
3/1/1999,Ohio,0,,12176,12276,,487,0,,,,,,,,,,,,,,,,,,24939
3/1/1999,Oklahoma,0,,5309,7724,,310,0,,,,,,,,,,,,,,,,,,13343
3/1/1999,Oregon,0,,5992,7098,,177,0,,,,,,,,,,,,,,,,,,13267
3/1/1999,Pennsylvania,1120,,0,48470,,1910,0,,,,,,,,,,,,,,,,,,51500
3/1/1999,Puerto Rico,0,,349,88,,8,0,,,,,,,,,,,,,,,,,,445
3/1/1999,Rhode Island,0,,481,395,,49,0,,,,,,,,,,,,,,,,,,925
3/1/1999,South Carolina,806,,5516,5861,,99,0,,,,,,,,,,,,,,,,,,12282
3/1/1999,South Dakota,0,,351,1489,,12,0,,,,,,,,,,,,,,,,,,1852
3/1/1999,Tennessee,0,,12141,10581,,313,0,,,,,,,,,,,,,,,,,,23035
3/1/1999,Texas,5818,,21305,25971,,977,25,,,,,,,,,,,,,,,,,,54096
3/1/1999,Utah,0,,2479,3434,,108,0,,,,,,,,,,,,,,,,,,6021
3/1/1999,Vermont,0,,699,1219,,23,0,,,,,,,,,,,,,,,,,,1941
3/1/1999,Virgin Islands,0,,0,0,,0,0,,,,,,,,,,,,,,,,,,0
3/1/1999,Virginia,0,,8401,8593,,148,51,,,,,,,,,,,,,,,,,,17193
3/1/1999,Washington,1218,,2528,6504,,160,141,,,,,,,,,,,,,,,,,,10551
3/1/1999,West Virginia,11,,4194,6503,,159,0,,,,,,,,,,,,,,,,,,10867
3/1/1999,Wisconsin,0,,5661,9218,,12,0,,,,,,,,,,,,,,,,,,14891
3/1/1999,Wyoming,171,,986,1574,,45,0,,,,,,,,,,,,,,,,,,2776
2/1/1999,Alabama,0,,9630,10654,,299,0,,,,,,,,,,,,,,,,,,20583
2/1/1999,Alaska,0,,941,1410,,62,0,,,,,,,,,,,,,,,,,,2413
2/1/1999,Arizona,1828,,7157,5251,,308,2,,,,,,,,,,,,,,,,,,14546
2/1/1999,Arkansas,10,,5382,9655,,301,0,,,,,,,,,,,,,,,,,,15348
2/1/1999,California,5715,,27909,23847,,0,0,,,,,,,,,,,,,,,,,,57471
2/1/1999,Colorado,0,,10028,11384,,689,138,,,,,,,,,,,,,,,,,,22239
2/1/1999,Connecticut,4526,,1736,1802,,1,4,,,,,,,,,,,,,,,,,,8069
2/1/1999,Delaware,0,,477,588,,12,0,,,,,,,,,,,,,,,,,,1077
2/1/1999,District of Columbia,0,,2,1,,0,0,,,,,,,,,,,,,,,,,,3
2/1/1999,Florida,0,,11269,9182,,506,1295,,,,,,,,,,,,,,,,,,22252
2/1/1999,Georgia,4760,,11288,10565,,336,9302,,,,,,,,,,,,,,,,,,36251
2/1/1999,Guam,0,,4,2,,1,0,,,,,,,,,,,,,,,,,,7
2/1/1999,Hawaii,327,,0,0,,0,0,,,,,,,,,,,,,,,,,,327
2/1/1999,Idaho,0,,1808,3228,,110,334,,,,,,,,,,,,,,,,,,5480
2/1/1999,Illinois,22038,,8106,8088,,217,0,,,,,,,,,,,,,,,,,,38449
2/1/1999,Indiana,0,,3260,12695,,6,0,,,,,,,,,,,,,,,,,,15961
2/1/1999,Iowa,4459,,60,2692,,7,4,,,,,,,,,,,,,,,,,,7222
2/1/1999,Kansas,0,,3335,4170,,189,0,,,,,,,,,,,,,,,,,,7694
2/1/1999,Kentucky,0,,9961,11874,,476,0,,,,,,,,,,,,,,,,,,22311
2/1/1999,Louisiana,0,,7259,6550,,251,0,,,,,,,,,,,,,,,,,,14060
2/1/1999,Maine,0,,1110,1574,,61,0,,,,,,,,,,,,,,,,,,2745
2/1/1999,Mariana Islands,,,,,,0,,,,,,,,,,,,,,,,,,,0
2/1/1999,Maryland,2928,,186,3479,,9,0,,,,,,,,,,,,,,,,,,6602
2/1/1999,Massachusetts,0,,406,599,,11,0,,,,,,,,,,,,,,,,,,1016
2/1/1999,Michigan,10242,,102,9982,,9,0,,,,,,,,,,,,,,,,,,20335
2/1/1999,Minnesota,2781,,1559,5084,,49,0,,,,,,,,,,,,,,,,,,9473
2/1/1999,Mississippi,0,,7988,7681,,213,0,,,,,,,,,,,,,,,,,,15882
2/1/1999,Missouri,0,,4175,12484,,155,0,,,,,,,,,,,,,,,,,,16814
2/1/1999,Montana,0,,1615,3250,,144,0,,,,,,,,,,,,,,,,,,5009
2/1/1999,Nebraska,1510,,54,1604,,4,0,,,,,,,,,,,,,,,,,,3172
2/1/1999,Nevada,0,,2617,2067,,185,0,,,,,,,,,,,,,,,,,,4869
2/1/1999,New Hampshire,0,,44,1405,,16,0,,,,,,,,,,,,,,,,,,1465
2/1/1999,New Jersey,0,,1234,1337,,38,7,,,,,,,,,,,,,,,,,,2616
2/1/1999,New Mexico,0,,3030,4489,,167,0,,,,,,,,,,,,,,,,,,7686
2/1/1999,New York,5664,,865,6474,,14,127,,,,,,,,,,,,,,,,,,13144
2/1/1999,North Carolina,10559,,2065,13078,,164,0,,,,,,,,,,,,,,,,,,25866
2/1/1999,North Dakota,0,,387,1202,,11,0,,,,,,,,,,,,,,,,,,1600
2/1/1999,Ohio,0,,11757,11321,,446,0,,,,,,,,,,,,,,,,,,23524
2/1/1999,Oklahoma,0,,5792,8527,,332,0,,,,,,,,,,,,,,,,,,14651
2/1/1999,Oregon,0,,5332,5811,,133,0,,,,,,,,,,,,,,,,,,11276
2/1/1999,Pennsylvania,673,,0,37810,,934,0,,,,,,,,,,,,,,,,,,39417
2/1/1999,Puerto Rico,0,,270,64,,4,0,,,,,,,,,,,,,,,,,,338
2/1/1999,Rhode Island,0,,445,316,,25,0,,,,,,,,,,,,,,,,,,786
2/1/1999,South Carolina,334,,6045,6057,,129,0,,,,,,,,,,,,,,,,,,12565
2/1/1999,South Dakota,0,,318,1354,,13,0,,,,,,,,,,,,,,,,,,1685
2/1/1999,Tennessee,0,,12332,10629,,343,0,,,,,,,,,,,,,,,,,,23304
2/1/1999,Texas,5444,,21500,27078,,1126,0,,,,,,,,,,,,,,,,,,55148
2/1/1999,Utah,0,,2575,3244,,114,0,,,,,,,,,,,,,,,,,,5933
2/1/1999,Vermont,0,,656,998,,14,0,,,,,,,,,,,,,,,,,,1668
2/1/1999,Virgin Islands,0,,0,0,,0,0,,,,,,,,,,,,,,,,,,0
2/1/1999,Virginia,0,,7688,8187,,145,33,,,,,,,,,,,,,,,,,,16053
2/1/1999,Washington,805,,2287,6003,,164,124,,,,,,,,,,,,,,,,,,9383
2/1/1999,West Virginia,6,,3987,7019,,194,0,,,,,,,,,,,,,,,,,,11206
2/1/1999,Wisconsin,0,,3584,6982,,12,0,,,,,,,,,,,,,,,,,,10578
2/1/1999,Wyoming,150,,831,1584,,77,1,,,,,,,,,,,,,,,,,,2643
1/1/1999,Alabama,0,,7516,10311,,222,0,,,,,,,,,,,,,,,,,,18049
1/1/1999,Alaska,0,,830,1393,,55,0,,,,,,,,,,,,,,,,,,2278
1/1/1999,Arizona,1718,,5937,4939,,261,4,,,,,,,,,,,,,,,,,,12859
1/1/1999,Arkansas,1,,3720,7932,,300,0,,,,,,,,,,,,,,,,,,11953
1/1/1999,California,7311,,25989,23653,,0,0,,,,,,,,,,,,,,,,,,56953
1/1/1999,Colorado,0,,8336,10484,,507,176,,,,,,,,,,,,,,,,,,19503
1/1/1999,Connecticut,3010,,1636,1563,,4,52,,,,,,,,,,,,,,,,,,6265
1/1/1999,Delaware,0,,419,702,,7,0,,,,,,,,,,,,,,,,,,1128
1/1/1999,District of Columbia,0,,0,1,,0,0,,,,,,,,,,,,,,,,,,1
1/1/1999,Florida,0,,9287,8559,,324,829,,,,,,,,,,,,,,,,,,18999
1/1/1999,Georgia,3040,,6131,6081,,184,5424,,,,,,,,,,,,,,,,,,20860
1/1/1999,Guam,0,,0,2,,0,0,,,,,,,,,,,,,,,,,,2
1/1/1999,Hawaii,262,,0,0,,0,0,,,,,,,,,,,,,,,,,,262
1/1/1999,Idaho,0,,1738,2922,,103,317,,,,,,,,,,,,,,,,,,5080
1/1/1999,Illinois,22165,,6131,6989,,174,0,,,,,,,,,,,,,,,,,,35459
1/1/1999,Indiana,0,,2552,12777,,8,0,,,,,,,,,,,,,,,,,,15337
1/1/1999,Iowa,5553,,49,2538,,5,17,,,,,,,,,,,,,,,,,,8162
1/1/1999,Kansas,0,,2854,5002,,167,0,,,,,,,,,,,,,,,,,,8023
1/1/1999,Kentucky,0,,7938,9634,,337,0,,,,,,,,,,,,,,,,,,17909
1/1/1999,Louisiana,0,,5506,7174,,169,0,,,,,,,,,,,,,,,,,,12849
1/1/1999,Maine,0,,895,1394,,30,0,,,,,,,,,,,,,,,,,,2319
1/1/1999,Mariana Islands,,,,,,0,,,,,,,,,,,,,,,,,,,0
1/1/1999,Maryland,2336,,283,3401,,11,0,,,,,,,,,,,,,,,,,,6031
1/1/1999,Massachusetts,0,,283,553,,7,0,,,,,,,,,,,,,,,,,,843
1/1/1999,Michigan,7669,,92,8283,,2,0,,,,,,,,,,,,,,,,,,16046
1/1/1999,Minnesota,1903,,1049,3736,,36,0,,,,,,,,,,,,,,,,,,6724
1/1/1999,Mississippi,0,,4989,7294,,153,0,,,,,,,,,,,,,,,,,,12436
1/1/1999,Missouri,0,,3072,10250,,168,0,,,,,,,,,,,,,,,,,,13490
1/1/1999,Montana,0,,1300,2890,,86,0,,,,,,,,,,,,,,,,,,4276
1/1/1999,Nebraska,1379,,74,1701,,5,0,,,,,,,,,,,,,,,,,,3159
1/1/1999,Nevada,0,,2596,1985,,143,0,,,,,,,,,,,,,,,,,,4724
1/1/1999,New Hampshire,0,,35,1415,,14,0,,,,,,,,,,,,,,,,,,1464
1/1/1999,New Jersey,0,,1156,1302,,30,10,,,,,,,,,,,,,,,,,,2498
1/1/1999,New Mexico,0,,2581,3956,,134,0,,,,,,,,,,,,,,,,,,6671
1/1/1999,New York,4616,,882,5327,,11,61,,,,,,,,,,,,,,,,,,10897
1/1/1999,North Carolina,8704,,1570,11401,,96,0,,,,,,,,,,,,,,,,,,21771
1/1/1999,North Dakota,0,,336,991,,13,0,,,,,,,,,,,,,,,,,,1340
1/1/1999,Ohio,0,,7737,8708,,286,0,,,,,,,,,,,,,,,,,,16731
1/1/1999,Oklahoma,0,,4322,7526,,241,0,,,,,,,,,,,,,,,,,,12089
1/1/1999,Oregon,0,,4611,4869,,132,0,,,,,,,,,,,,,,,,,,9612
1/1/1999,Pennsylvania,729,,4,30257,,1277,0,,,,,,,,,,,,,,,,,,32267
1/1/1999,Puerto Rico,0,,304,94,,4,0,,,,,,,,,,,,,,,,,,402
1/1/1999,Rhode Island,0,,412,402,,20,0,,,,,,,,,,,,,,,,,,834
1/1/1999,South Carolina,17,,4397,5031,,98,0,,,,,,,,,,,,,,,,,,9543
1/1/1999,South Dakota,0,,220,1159,,10,0,,,,,,,,,,,,,,,,,,1389
1/1/1999,Tennessee,0,,9581,8696,,196,0,,,,,,,,,,,,,,,,,,18473
1/1/1999,Texas,5792,,18123,26179,,898,0,,,,,,,,,,,,,,,,,,50992
1/1/1999,Utah,0,,2041,2936,,78,0,,,,,,,,,,,,,,,,,,5055
1/1/1999,Vermont,0,,427,605,,11,0,,,,,,,,,,,,,,,,,,1043
1/1/1999,Virgin Islands,0,,0,0,,0,0,,,,,,,,,,,,,,,,,,0
1/1/1999,Virginia,0,,6298,7556,,127,28,,,,,,,,,,,,,,,,,,14009
1/1/1999,Washington,800,,1891,5780,,149,75,,,,,,,,,,,,,,,,,,8695
1/1/1999,West Virginia,0,,2989,5118,,153,0,,,,,,,,,,,,,,,,,,8260
1/1/1999,Wisconsin,0,,2709,5063,,8,0,,,,,,,,,,,,,,,,,,7780
1/1/1999,Wyoming,67,,668,1401,,44,0,,,,,,,,,,,,,,,,,,2180
12/1/1998,Alabama,0,,10118,25120,,268,0,,,,,,,,,,,,,,,,,,35506
12/1/1998,Alaska,0,,1294,2487,,59,0,,,,,,,,,,,,,,,,,,3840
12/1/1998,Arizona,1733,,6988,8075,,268,10,,,,,,,,,,,,,,,,,,17074
12/1/1998,Arkansas,0,,4500,16485,,178,0,,,,,,,,,,,,,,,,,,21163
12/1/1998,California,4932,,27924,32488,,0,0,,,,,,,,,,,,,,,,,,65344
12/1/1998,Colorado,0,,7744,14817,,535,80,,,,,,,,,,,,,,,,,,23176
12/1/1998,Connecticut,2800,,1502,2451,,6,31,,,,,,,,,,,,,,,,,,6790
12/1/1998,Delaware,0,,493,1578,,9,0,,,,,,,,,,,,,,,,,,2080
12/1/1998,District of Columbia,0,,0,0,,0,0,,,,,,,,,,,,,,,,,,0
12/1/1998,Florida,0,,11188,18840,,337,1164,,,,,,,,,,,,,,,,,,31529
12/1/1998,Georgia,471,,1270,1633,,27,356,,,,,,,,,,,,,,,,,,3757
12/1/1998,Guam,0,,2,7,,0,0,,,,,,,,,,,,,,,,,,9
12/1/1998,Hawaii,374,,1,28,,0,0,,,,,,,,,,,,,,,,,,403
12/1/1998,Idaho,0,,1827,4906,,88,342,,,,,,,,,,,,,,,,,,7163
12/1/1998,Illinois,24022,,6207,11032,,194,0,,,,,,,,,,,,,,,,,,41455
12/1/1998,Indiana,0,,5232,16924,,15,0,,,,,,,,,,,,,,,,,,22171
12/1/1998,Iowa,7521,,64,6572,,7,4,,,,,,,,,,,,,,,,,,14168
12/1/1998,Kansas,0,,3108,8738,,142,0,,,,,,,,,,,,,,,,,,11988
12/1/1998,Kentucky,0,,10875,19744,,410,0,,,,,,,,,,,,,,,,,,31029
12/1/1998,Louisiana,0,,7250,19389,,204,0,,,,,,,,,,,,,,,,,,26843
12/1/1998,Maine,0,,1156,2807,,43,0,,,,,,,,,,,,,,,,,,4006
12/1/1998,Mariana Islands,,,,,,0,,,,,,,,,,,,,,,,,,,0
12/1/1998,Maryland,1579,,871,6228,,11,0,,,,,,,,,,,,,,,,,,8689
12/1/1998,Massachusetts,0,,317,1077,,6,0,,,,,,,,,,,,,,,,,,1400
12/1/1998,Michigan,9507,,124,19930,,10,0,,,,,,,,,,,,,,,,,,29571
12/1/1998,Minnesota,1990,,1078,8687,,42,0,,,,,,,,,,,,,,,,,,11797
12/1/1998,Mississippi,0,,6838,18280,,195,0,,,,,,,,,,,,,,,,,,25313
12/1/1998,Missouri,0,,4096,19295,,118,0,,,,,,,,,,,,,,,,,,23509
12/1/1998,Montana,0,,1694,4427,,84,0,,,,,,,,,,,,,,,,,,6205
12/1/1998,Nebraska,1837,,90,4537,,5,0,,,,,,,,,,,,,,,,,,6469
12/1/1998,Nevada,0,,2851,3286,,143,0,,,,,,,,,,,,,,,,,,6280
12/1/1998,New Hampshire,0,,104,2272,,11,0,,,,,,,,,,,,,,,,,,2387
12/1/1998,New Jersey,0,,1130,2565,,15,8,,,,,,,,,,,,,,,,,,3718
12/1/1998,New Mexico,0,,3207,5483,,132,0,,,,,,,,,,,,,,,,,,8822
12/1/1998,New York,1068,,1054,12234,,12,49,,,,,,,,,,,,,,,,,,14417
12/1/1998,North Carolina,11177,,1812,24539,,105,0,,,,,,,,,,,,,,,,,,37633
12/1/1998,North Dakota,0,,403,1958,,18,0,,,,,,,,,,,,,,,,,,2379
12/1/1998,Ohio,0,,10621,20486,,422,0,,,,,,,,,,,,,,,,,,31529
12/1/1998,Oklahoma,0,,5201,13984,,257,0,,,,,,,,,,,,,,,,,,19442
12/1/1998,Oregon,0,,5269,8316,,95,0,,,,,,,,,,,,,,,,,,13680
12/1/1998,Pennsylvania,978,,13,45262,,2047,0,,,,,,,,,,,,,,,,,,48300
12/1/1998,Puerto Rico,0,,401,101,,9,0,,,,,,,,,,,,,,,,,,511
12/1/1998,Rhode Island,0,,426,579,,16,0,,,,,,,,,,,,,,,,,,1021
12/1/1998,South Carolina,0,,2938,6554,,67,0,,,,,,,,,,,,,,,,,,9559
12/1/1998,South Dakota,0,,252,2406,,19,0,,,,,,,,,,,,,,,,,,2677
12/1/1998,Tennessee,0,,9110,15356,,199,1,,,,,,,,,,,,,,,,,,24666
12/1/1998,Texas,5324,,22478,50899,,903,1,,,,,,,,,,,,,,,,,,79605
12/1/1998,Utah,0,,2835,7461,,119,0,,,,,,,,,,,,,,,,,,10415
12/1/1998,Vermont,0,,635,1408,,14,0,,,,,,,,,,,,,,,,,,2057
12/1/1998,Virgin Islands,0,,0,0,,0,0,,,,,,,,,,,,,,,,,,0
12/1/1998,Virginia,0,,7832,17055,,248,35,,,,,,,,,,,,,,,,,,25170
12/1/1998,Washington,668,,1760,9022,,113,78,,,,,,,,,,,,,,,,,,11641
12/1/1998,West Virginia,2,,4195,9427,,162,0,,,,,,,,,,,,,,,,,,13786
12/1/1998,Wisconsin,0,,3837,11344,,20,0,,,,,,,,,,,,,,,,,,15201
12/1/1998,Wyoming,113,,925,2303,,38,0,,,,,,,,,,,,,,,,,,3379
11/1/1998,Alabama,0,,449,603,,10,0,,,,,,,,,,,,,,,,,,1062
11/1/1998,Alaska,4,,71,68,,2,0,,,,,,,,,,,,,,,,,,145
11/1/1998,Arizona,0,,169,200,,10,0,,,,,,,,,,,,,,,,,,379
11/1/1998,Arkansas,0,,149,429,,11,0,,,,,,,,,,,,,,,,,,589
11/1/1998,California,434,,717,950,,0,0,,,,,,,,,,,,,,,,,,2101
11/1/1998,Colorado,0,,181,416,,25,0,,,,,,,,,,,,,,,,,,622
11/1/1998,Connecticut,17,,19,35,,0,9,,,,,,,,,,,,,,,,,,80
11/1/1998,Delaware,0,,14,40,,1,0,,,,,,,,,,,,,,,,,,55
11/1/1998,District of Columbia,0,,0,0,,0,0,,,,,,,,,,,,,,,,,,0
11/1/1998,Florida,0,,319,443,,10,40,,,,,,,,,,,,,,,,,,812
11/1/1998,Georgia,2,,18,32,,4,6,,,,,,,,,,,,,,,,,,62
11/1/1998,Guam,0,,0,0,,0,0,,,,,,,,,,,,,,,,,,0
11/1/1998,Hawaii,27,,0,1,,0,0,,,,,,,,,,,,,,,,,,28
11/1/1998,Idaho,0,,46,127,,3,0,,,,,,,,,,,,,,,,,,176
11/1/1998,Illinois,4,,0,18,,0,0,,,,,,,,,,,,,,,,,,22
11/1/1998,Indiana,0,,125,219,,3,0,,,,,,,,,,,,,,,,,,347
11/1/1998,Iowa,314,,2,166,,0,0,,,,,,,,,,,,,,,,,,482
11/1/1998,Kansas,0,,117,273,,8,0,,,,,,,,,,,,,,,,,,398
11/1/1998,Kentucky,0,,368,462,,10,0,,,,,,,,,,,,,,,,,,840
11/1/1998,Louisiana,0,,322,471,,6,0,,,,,,,,,,,,,,,,,,799
11/1/1998,Maine,0,,54,41,,5,0,,,,,,,,,,,,,,,,,,100
11/1/1998,Mariana Islands,0,,0,0,,0,0,,,,,,,,,,,,,,,,,,0
11/1/1998,Maryland,59,,82,177,,0,0,,,,,,,,,,,,,,,,,,318
11/1/1998,Massachusetts,0,,4,39,,0,0,,,,,,,,,,,,,,,,,,43
11/1/1998,Michigan,579,,3,443,,0,0,,,,,,,,,,,,,,,,,,1025
11/1/1998,Minnesota,9,,27,280,,3,0,,,,,,,,,,,,,,,,,,319
11/1/1998,Mississippi,0,,286,491,,7,0,,,,,,,,,,,,,,,,,,784
11/1/1998,Missouri,0,,116,458,,4,0,,,,,,,,,,,,,,,,,,578
11/1/1998,Montana,0,,101,98,,2,0,,,,,,,,,,,,,,,,,,201
11/1/1998,Nebraska,88,,1,96,,1,0,,,,,,,,,,,,,,,,,,186
11/1/1998,Nevada,0,,75,76,,8,0,,,,,,,,,,,,,,,,,,159
11/1/1998,New Hampshire,0,,8,46,,1,0,,,,,,,,,,,,,,,,,,55
11/1/1998,New Jersey,0,,20,53,,2,2,,,,,,,,,,,,,,,,,,77
11/1/1998,New Mexico,0,,86,121,,4,0,,,,,,,,,,,,,,,,,,211
11/1/1998,New York,0,,40,279,,0,0,,,,,,,,,,,,,,,,,,319
11/1/1998,North Carolina,524,,87,695,,4,0,,,,,,,,,,,,,,,,,,1310
11/1/1998,North Dakota,0,,20,38,,0,0,,,,,,,,,,,,,,,,,,58
11/1/1998,Ohio,0,,502,434,,16,0,,,,,,,,,,,,,,,,,,952
11/1/1998,Oklahoma,0,,259,361,,13,0,,,,,,,,,,,,,,,,,,633
11/1/1998,Oregon,0,,153,186,,5,0,,,,,,,,,,,,,,,,,,344
11/1/1998,Pennsylvania,0,,5,8,,4,0,,,,,,,,,,,,,,,,,,17
11/1/1998,Puerto Rico,0,,1,1,,0,0,,,,,,,,,,,,,,,,,,2
11/1/1998,Rhode Island,0,,13,23,,2,0,,,,,,,,,,,,,,,,,,38
11/1/1998,South Carolina,0,,0,6,,0,0,,,,,,,,,,,,,,,,,,6
11/1/1998,South Dakota,0,,8,66,,0,0,,,,,,,,,,,,,,,,,,74
11/1/1998,Tennessee,0,,19,85,,3,0,,,,,,,,,,,,,,,,,,107
11/1/1998,Texas,0,,1384,1349,,60,1,,,,,,,,,,,,,,,,,,2794
11/1/1998,Utah,0,,98,169,,0,0,,,,,,,,,,,,,,,,,,267
11/1/1998,Vermont,0,,23,35,,0,1,,,,,,,,,,,,,,,,,,59
11/1/1998,Virgin Islands,0,,0,0,,0,0,,,,,,,,,,,,,,,,,,0
11/1/1998,Virginia,0,,14,2,,8,0,,,,,,,,,,,,,,,,,,24
11/1/1998,Washington,1,,65,286,,8,1,,,,,,,,,,,,,,,,,,361
11/1/1998,West Virginia,3,,149,251,,5,0,,,,,,,,,,,,,,,,,,408
11/1/1998,Wisconsin,0,,25,214,,2,0,,,,,,,,,,,,,,,,,,241
11/1/1998,Wyoming,8,,45,49,,5,0,,,,,,,,,,,,,,,,,,107
